team,team_id,matches_url,profile_url,source,league,region,tier,season_year,active,ranking_page,added_at,resolved_at
100 Thieves,,,,vct_tier1_seed,VCT Americas,VCT Americas,tier1,2026,true,,2026-07-10T02:09:24,
All Gamers,,,,vct_tier1_seed,VCT China,VCT China,tier1,2026,true,,2026-07-10T02:09:24,
BBL Esports,,,,vct_tier1_seed,VCT EMEA,VCT EMEA,tier1,2026,true,,2026-07-10T02:09:24,
Bilibili Gaming,,,,vct_tier1_seed,VCT China,VCT China,tier1,2026,true,,2026-07-10T02:09:24,
Cloud9,,,,vct_tier1_seed,VCT Americas,VCT Americas,tier1,2026,true,,2026-07-10T02:09:24,
DRX,,,,vct_tier1_seed,VCT Pacific,VCT Pacific,tier1,2026,true,,2026-07-10T02:09:24,
DetonatioN FocusMe,,,,vct_tier1_seed,VCT Pacific,VCT Pacific,tier1,2026,true,,2026-07-10T02:09:24,
Dragon Ranger Gaming,,,,vct_tier1_seed,VCT China,VCT China,tier1,2026,true,,2026-07-10T02:09:24,
ENVY,,,,vct_tier1_seed,VCT Americas,VCT Americas,tier1,2026,true,,2026-07-10T02:09:24,
Edward Gaming,,,,vct_tier1_seed,VCT China,VCT China,tier1,2026,true,,2026-07-10T02:09:24,
Eternal Fire,,,,vct_tier1_seed,VCT EMEA,VCT EMEA,tier1,2026,true,,2026-07-10T02:09:24,
Evil Geniuses,,,,vct_tier1_seed,VCT Americas,VCT Americas,tier1,2026,true,,2026-07-10T02:09:24,
FULL SENSE,,,,vct_tier1_seed,VCT Pacific,VCT Pacific,tier1,2026,true,,2026-07-10T02:09:24,
FURIA,,,,vct_tier1_seed,VCT Americas,VCT Americas,tier1,2026,true,,2026-07-10T02:09:24,
FUT Esports,,,,vct_tier1_seed,VCT EMEA,VCT EMEA,tier1,2026,true,,2026-07-10T02:09:24,
Fnatic,2593,https://www.vlr.gg/team/matches/2593/fnatic/,https://www.vlr.gg/team/2593/fnatic/,vct_tier1_seed,VCT EMEA,VCT EMEA,tier1,2026,true,,,
FunPlus Phoenix,,,,vct_tier1_seed,VCT China,VCT China,tier1,2026,true,,2026-07-10T02:09:24,
G2 Esports,11058,https://www.vlr.gg/team/matches/11058/g2-esports/,https://www.vlr.gg/team/11058/g2-esports/,vct_tier1_seed,VCT Americas,VCT Americas,tier1,2026,true,,,
GIANTX,,,,vct_tier1_seed,VCT EMEA,VCT EMEA,tier1,2026,true,,2026-07-10T02:09:24,
Gen.G,17,https://www.vlr.gg/team/matches/17/gen-g/,https://www.vlr.gg/team/17/gen-g/,vct_tier1_seed,VCT Pacific,VCT Pacific,tier1,2026,true,,,
Gentle Mates,,,,vct_tier1_seed,VCT EMEA,VCT EMEA,tier1,2026,true,,2026-07-10T02:09:24,
Global Esports,,,,vct_tier1_seed,VCT Pacific,VCT Pacific,tier1,2026,true,,2026-07-10T02:09:24,
JD Gaming,,,,vct_tier1_seed,VCT China,VCT China,tier1,2026,true,,2026-07-10T02:09:24,
KRU Esports,,,,vct_tier1_seed,VCT Americas,VCT Americas,tier1,2026,true,,2026-07-10T02:09:24,
Karmine Corp,,,,vct_tier1_seed,VCT EMEA,VCT EMEA,tier1,2026,true,,2026-07-10T02:09:24,
LOUD,,,,vct_tier1_seed,VCT Americas,VCT Americas,tier1,2026,true,,2026-07-10T02:09:24,
Leviatan,,,,vct_tier1_seed,VCT Americas,VCT Americas,tier1,2026,true,,2026-07-10T02:09:24,
MIBR,,,,vct_tier1_seed,VCT Americas,VCT Americas,tier1,2026,true,,2026-07-10T02:09:24,
NRG,,,,vct_tier1_seed,VCT Americas,VCT Americas,tier1,2026,true,,2026-07-10T02:09:24,
Natus Vincere,,,,vct_tier1_seed,VCT EMEA,VCT EMEA,tier1,2026,true,,2026-07-10T02:09:24,
Nongshim RedForce,,,,vct_tier1_seed,VCT Pacific,VCT Pacific,tier1,2026,true,,2026-07-10T02:09:24,
Nova Esports,,,,vct_tier1_seed,VCT China,VCT China,tier1,2026,true,,2026-07-10T02:09:24,
PCFIC Esports,,,,vct_tier1_seed,VCT EMEA,VCT EMEA,tier1,2026,true,,2026-07-10T02:09:24,
Paper Rex,624,https://www.vlr.gg/team/matches/624/paper-rex/,https://www.vlr.gg/team/624/paper-rex/,vct_tier1_seed,VCT Pacific,VCT Pacific,tier1,2026,true,,,
Rex Regum Qeon,878,https://www.vlr.gg/team/matches/878/rex-regum-qeon/,https://www.vlr.gg/team/878/rex-regum-qeon/,vct_tier1_seed,VCT Pacific,VCT Pacific,tier1,2026,true,,,
Sentinels,2,https://www.vlr.gg/team/matches/2/sentinels/,https://www.vlr.gg/team/2/sentinels/,vct_tier1_seed,VCT Americas,VCT Americas,tier1,2026,true,,,
T1,,,,vct_tier1_seed,VCT Pacific,VCT Pacific,tier1,2026,true,,2026-07-10T02:09:24,
TYLOO,,,,vct_tier1_seed,VCT China,VCT China,tier1,2026,true,,2026-07-10T02:09:24,
Team Heretics,,,,vct_tier1_seed,VCT EMEA,VCT EMEA,tier1,2026,true,,2026-07-10T02:09:24,
Team Liquid,,,,vct_tier1_seed,VCT EMEA,VCT EMEA,tier1,2026,true,,2026-07-10T02:09:24,
Team Secret,,,,vct_tier1_seed,VCT Pacific,VCT Pacific,tier1,2026,true,,2026-07-10T02:09:24,
Team Vitality,2059,https://www.vlr.gg/team/matches/2059/team-vitality/,https://www.vlr.gg/team/2059/team-vitality/,vct_tier1_seed,VCT EMEA,VCT EMEA,tier1,2026,true,,2026-07-09T18:24:07,
Titan Esports Club,,,,vct_tier1_seed,VCT China,VCT China,tier1,2026,true,,2026-07-10T02:09:24,
Trace Esports,,,,vct_tier1_seed,VCT China,VCT China,tier1,2026,true,,2026-07-10T02:09:24,
VARREL,,,,vct_tier1_seed,VCT Pacific,VCT Pacific,tier1,2026,true,,2026-07-10T02:09:24,
Wolves Esports,13790,https://www.vlr.gg/team/matches/13790/wolves-esports/,https://www.vlr.gg/team/13790/wolves-esports/,vct_tier1_seed,VCT China,VCT China,tier1,2026,true,,,
Xi Lai Gaming,13581,https://www.vlr.gg/team/matches/13581/xi-lai-gaming/,https://www.vlr.gg/team/13581/xi-lai-gaming/,vct_tier1_seed,VCT China,VCT China,tier1,2026,true,,,
ZETA DIVISION,,,,vct_tier1_seed,VCT Pacific,VCT Pacific,tier1,2026,true,,2026-07-10T02:09:24,
