event_id,url,title,article_text,published,effective_at,expires_at,event_type,matched_phrases,performance_delta,availability_delta,uncertainty_delta,confidence
d528e68f6d150849e9f0,https://www.vlr.gg/720469/kr-hints-at-end-of-kr-spark-program-announces-next-steps,"KRÜ hints at end of KRÜ SPARK program, announces next steps","KRÜ hints at end of KRÜ SPARK program, announces next steps KRÜ SPARK appears to be nearing its end, with its remaining players set to try out for the main roster at the end of the year.",2026-07-22T00:00:00,2026-07-22T00:00:00,2026-08-26T00:00:00,unavailable,out for,0.0,-0.35,0.18,0.9
07dc03ef019e4a4fa23e,https://www.vlr.gg/720480/furia-academy-parts-ways-with-four,FURIA Academy parts ways with four,"FURIA Academy parts ways with four FURIA parts ways with four members of its academy roster, shedding light on what roster planning in 2027 might look like.",2026-07-22T00:00:00,2026-07-22T00:00:00,2027-01-18T00:00:00,roster_exit,parts ways,0.0,-0.85,0.28,0.95
dc3f22e07211fa336a53,https://www.vlr.gg/720827/izzy-benched-from-eternal-fire-spear-to-debut-against-team-heretics,"Izzy benched from Eternal Fire, Spear to debut against Team Heretics","Izzy benched from Eternal Fire, Spear to debut against Team Heretics Izzy will no longer start for the Turkish organization for the remainder of Stage 2.",2026-07-22T00:00:00,2026-07-22T00:00:00,2026-11-19T00:00:00,benching,benched,0.0,-0.7,0.25,0.95
5b86c1a92909f7547b5b,https://www.vlr.gg/715984/xipto-esports-signs-555-core-ahead-of-pacific-stage-2-play-ins,Xipto Esports signs 555 core ahead of Pacific Stage 2 Play-Ins,Xipto Esports signs 555 core ahead of Pacific Stage 2 Play-Ins The Filipino org picks up the Thai squad as it gears up to play VCT Pacific squads next month.,2026-07-16T00:00:00,2026-07-16T00:00:00,2026-09-29T00:00:00,roster_join,signs,0.0,0.0,0.08,0.85
e4aa7104fe5947a262ae,https://www.vlr.gg/715457/nats-to-miss-first-game-of-stage-2-against-eternal-fire,nAts to miss first game of Stage 2 against Eternal Fire,nAts to miss first game of Stage 2 against Eternal Fire Head Coach LohaN will fill the shoes of Liquid's in-game leader against Eternal Fire.,2026-07-15T00:00:00,2026-07-15T00:00:00,2026-08-19T00:00:00,unavailable,miss,0.0,-0.35,0.18,0.9
7cdae365a6aaca7696f8,https://www.vlr.gg/715810/iceman-returns-marved-to-stand-in-for-sentinels,Iceman returns: Marved to stand in for Sentinels,"Iceman returns: Marved to stand in for Sentinels Following an emergency appendectomy, johnqt will be sidelined for Sentinels for the near future.",2026-07-15T00:00:00,2026-07-15T00:00:00,2026-08-12T00:00:00,return,returns,0.02,0.25,-0.1,0.8
d67104d47d87c99a94a9,https://www.vlr.gg/715868/giantx-brings-on-jesse-to-stand-in-for-musz3kk,GIANTX brings on Jesse to stand in for musz3kk,GIANTX brings on Jesse to stand in for musz3kk GX finds a stand-in as its rookie Duelist deals with visa delays.,2026-07-15T00:00:00,2026-07-15T00:00:00,2026-08-19T00:00:00,visa,visa,0.0,-0.2,0.15,0.75
ad2f1b7c5edb8e0fe45e,https://www.vlr.gg/715226/flicker-returns-to-kiwoom-drx-after-loan-spell-at-crest,Flicker returns to KIWOOM DRX after loan spell at CREST,Flicker returns to KIWOOM DRX after loan spell at CREST Kiwoom DRX expands to a six-man roster after the return of Flicker.,2026-07-14T00:00:00,2026-07-14T00:00:00,2026-08-11T00:00:00,return,returns,0.02,0.25,-0.1,0.8
ae37376a7195193bfc39,https://www.vlr.gg/715355/pcific-releases-cned-signs-waddle,"PCIFIC releases cNed, signs waddle","PCIFIC releases cNed, signs waddle The 2021 World Champion will not continue with PCIFIC in Stage 2.",2026-07-14T00:00:00,2026-07-14T00:00:00,2026-09-27T00:00:00,roster_join,signs,0.0,0.0,0.08,0.85
f96c689d614d77fade2a,https://www.vlr.gg/715094/sharks-circles-xi-lai-gamings-roster-joins-as-sixth-man,"Sharks circles Xi Lai Gaming's roster, joins as sixth man","Sharks circles Xi Lai Gaming's roster, joins as sixth man XLG promotes a second team member to its bench ahead of Stage 2.",2026-07-13T00:00:00,2026-07-13T00:00:00,2026-11-10T00:00:00,benching,bench,0.0,-0.7,0.25,0.95
e5a090baba1a949fd42a,https://www.vlr.gg/715094/sharks-circles-xi-lai-gamings-roster-joins-as-sixth-man,"Sharks circles Xi Lai Gaming's roster, joins as sixth man","Sharks circles Xi Lai Gaming's roster, joins as sixth man XLG promotes a second team member to its bench ahead of Stage 2.",2026-07-13T00:00:00,2026-07-13T00:00:00,2026-09-26T00:00:00,roster_join,joins;promotes,0.0,0.0,0.08,0.85
eae59be8b42522cb9672,https://www.vlr.gg/713701/eternal-fire-adds-castell0-as-assistant-coach-ahead-of-stage-2,Eternal Fire adds casteLL0 as assistant coach ahead of Stage 2,Eternal Fire adds casteLL0 as assistant coach ahead of Stage 2 Some bolstering for the Turkish squad ahead of Stage 2.,2026-07-11T00:00:00,2026-07-11T00:00:00,2026-09-24T00:00:00,roster_join,adds,0.0,0.0,0.08,0.85
8765dd80a5e9c0291c5e,https://www.vlr.gg/713386/notexxd-out-of-cloud9-v1c-to-return-from-vcl,"Notexxd out of Cloud9, v1c to return from VCL","Notexxd out of Cloud9, v1c to return from VCL Cloud9's Controller has replaced his replacement after two months away from the organization.",2026-07-10T00:00:00,2026-07-10T00:00:00,2026-08-14T00:00:00,unavailable,out of,0.0,-0.35,0.18,0.9
6f131f2f6192b332a313,https://www.vlr.gg/712355/game-changers-emea-grand-finals-returns-to-esa-arena,Game Changers EMEA grand finals returns to ESA Arena,Game Changers EMEA grand finals returns to ESA Arena Tickets will go on sale on August 3.,2026-07-09T00:00:00,2026-07-09T00:00:00,2026-08-06T00:00:00,return,returns,0.02,0.25,-0.1,0.8
970a9332d9d07b3ec67c,https://www.vlr.gg/711977/gen-g-shuts-down-zynx-for-the-rest-of-2026-due-to-wrist-injury,Gen.G shuts down ZynX for the rest of 2026 due to wrist injury,"Gen.G shuts down ZynX for the rest of 2026 due to wrist injury After struggling with a wrist injury during Stage 1, Gen.G shuts down ZynX for the rest of the year to prioritize his recovery.",2026-07-08T00:00:00,2026-07-08T00:00:00,2026-08-05T00:00:00,injury,injury;wrist,-0.08,-0.12,0.12,0.9
f01addcc637e1bf95276,https://www.vlr.gg/711977/gen-g-shuts-down-zynx-for-the-rest-of-2026-due-to-wrist-injury,Gen.G shuts down ZynX for the rest of 2026 due to wrist injury,"Gen.G shuts down ZynX for the rest of 2026 due to wrist injury After struggling with a wrist injury during Stage 1, Gen.G shuts down ZynX for the rest of the year to prioritize his recovery.",2026-07-08T00:00:00,2026-07-08T00:00:00,2026-08-12T00:00:00,unavailable,shuts down,0.0,-0.35,0.18,0.9
02b9a486dccdb68e29c4,https://www.vlr.gg/711261/c0m-okeanos-released-from-evil-geniuses,"C0M, Okeanos released from Evil Geniuses","C0M, Okeanos released from Evil Geniuses The former LEVIATÁN duo have departed Evil Geniuses after almost two months on the bench.",2026-07-07T00:00:00,2026-07-07T00:00:00,2026-11-04T00:00:00,benching,bench,0.0,-0.7,0.25,0.95
4f4423c12e254e0ec789,https://www.vlr.gg/711261/c0m-okeanos-released-from-evil-geniuses,"C0M, Okeanos released from Evil Geniuses","C0M, Okeanos released from Evil Geniuses The former LEVIATÁN duo have departed Evil Geniuses after almost two months on the bench.",2026-07-07T00:00:00,2026-07-07T00:00:00,2027-01-03T00:00:00,roster_exit,released,0.0,-0.85,0.28,0.95
673bddf7b0527cae5c93,https://www.vlr.gg/711799/mibr-nongshim-punch-final-ewc-playoff-tickets,"MIBR, Nongshim punch final EWC Playoff tickets","MIBR, Nongshim punch final EWC Playoff tickets All Gamers and G2 bow out of the action in Paris's Group Stage.",2026-07-07T00:00:00,2026-07-07T00:00:00,2026-08-11T00:00:00,unavailable,out of,0.0,-0.35,0.18,0.9
fe3c7d02364a9e5ac084,https://www.vlr.gg/669626/wolves-releases-jowa,Wolves releases jowa,"Wolves releases jowa After just Kickoff and Stage 1, Wolves parts ways with jowa.",2026-07-06T00:00:00,2026-07-06T00:00:00,2027-01-02T00:00:00,roster_exit,parts ways,0.0,-0.85,0.28,0.95
36ea609345e5436eabcd,https://www.vlr.gg/710963/dh-returns-to-t1s-main-roster,DH returns to T1's main roster,"DH returns to T1's main roster DH is back, back again.",2026-07-06T00:00:00,2026-07-06T00:00:00,2026-08-03T00:00:00,return,returns;back,0.02,0.25,-0.1,0.8
492b3ff8f8c4247f8fe5,https://www.vlr.gg/709760/new-bird-same-talons-frost-joins-full-sense,"New bird, same talons: FrosT joins FULL SENSE","New bird, same talons: FrosT joins FULL SENSE FULL SENSE hosts a TALON reunion, with FrosT pairing up with some familiar faces on the Thai squad.",2026-07-04T00:00:00,2026-07-04T00:00:00,2026-09-17T00:00:00,roster_join,joins,0.0,0.0,0.08,0.85
da436d168e250af3c6ad,https://www.vlr.gg/709217/nongshim-redforce-signs-2011-born-prospect-woohyun,Nongshim RedForce signs 2011-born prospect WoohyuN,Nongshim RedForce signs 2011-born prospect WoohyuN An up-and-coming name signs with Nongshim RedForce.,2026-07-03T00:00:00,2026-07-03T00:00:00,2026-09-16T00:00:00,roster_join,signs,0.0,0.0,0.08,0.85
7ddeac6646862c967f82,https://www.vlr.gg/708381/wolves-add-nothing-as-sixth-man,Wolves add nothing as sixth man,Wolves add nothing as sixth man nothing joins Wolves as its sixth man ahead of Stage 2.,2026-07-02T00:00:00,2026-07-02T00:00:00,2026-09-15T00:00:00,roster_join,joins,0.0,0.0,0.08,0.85
5cb044fbc61d1113f621,https://www.vlr.gg/708454/edward-gaming-releases-cb,EDward Gaming releases cb,"EDward Gaming releases cb After competing in just two events for the team, cb is released by EDG.",2026-07-02T00:00:00,2026-07-02T00:00:00,2026-12-29T00:00:00,roster_exit,released,0.0,-0.85,0.28,0.95
797d0f2dd21579a6a04a,https://www.vlr.gg/708786/furia-completes-stage-2-roster-with-shyy,FURIA completes Stage 2 roster with Shyy,FURIA completes Stage 2 roster with Shyy The Chilean Sentinel returns to the Americas League after half a year of VCL play.,2026-07-02T00:00:00,2026-07-02T00:00:00,2026-07-30T00:00:00,return,returns,0.02,0.25,-0.1,0.8
4f663412c2590c090c67,https://www.vlr.gg/708077/glyph-signs-with-envy-p0ppin-benched,"GLYPH signs with Envy, P0PPIN benched","GLYPH signs with Envy, P0PPIN benched The former Gentle Mates Controller will make his VCT Americas debut with Envy.",2026-07-01T00:00:00,2026-07-01T00:00:00,2026-10-29T00:00:00,benching,benched,0.0,-0.7,0.25,0.95
312ece528c7b1243fb78,https://www.vlr.gg/708077/glyph-signs-with-envy-p0ppin-benched,"GLYPH signs with Envy, P0PPIN benched","GLYPH signs with Envy, P0PPIN benched The former Gentle Mates Controller will make his VCT Americas debut with Envy.",2026-07-01T00:00:00,2026-07-01T00:00:00,2026-09-14T00:00:00,roster_join,signs,0.0,0.0,0.08,0.85
5d078c27baded493bce8,https://www.vlr.gg/708112/gen-g-bids-farewell-to-lakia,Gen.G bids farewell to Lakia,"Gen.G bids farewell to Lakia After three different stints across three years with Gen.G, the Initiator-turned-IGL is out of the Tiger Nation.",2026-07-01T00:00:00,2026-07-01T00:00:00,2026-08-05T00:00:00,unavailable,out of,0.0,-0.35,0.18,0.9
89fd3c83943038cdd33f,https://www.vlr.gg/708129/tyloo-promotes-xihe-from-youth-team,TYLOO promotes xihe from youth team,"TYLOO promotes xihe from youth team TYLOO adds a new face, calling up xihe from its youth setup.",2026-07-01T00:00:00,2026-07-01T00:00:00,2026-09-14T00:00:00,roster_join,adds;promotes,0.0,0.0,0.08,0.85
aeeb97d94d43612a40cf,https://www.vlr.gg/708277/giantx-parts-ways-with-grubinho,GIANTX parts ways with grubinho,GIANTX parts ways with grubinho GIANTX bids farewell to the Controller after over one year together.,2026-07-01T00:00:00,2026-07-01T00:00:00,2026-12-28T00:00:00,roster_exit,parts ways,0.0,-0.85,0.28,0.95
389af49f9ee13e260cc9,https://www.vlr.gg/708302/at-long-last-basic-joins-furias-active-roster,At long last: basic joins FURIA's active roster,"At long last: basic joins FURIA's active roster A year after initially joining and dealing with visa issues, basic is set to make his FURIA debut.",2026-07-01T00:00:00,2026-07-01T00:00:00,2026-08-05T00:00:00,visa,visa,0.0,-0.2,0.15,0.75
1254cc1a5342592202c5,https://www.vlr.gg/708302/at-long-last-basic-joins-furias-active-roster,At long last: basic joins FURIA's active roster,"At long last: basic joins FURIA's active roster A year after initially joining and dealing with visa issues, basic is set to make his FURIA debut.",2026-07-01T00:00:00,2026-07-01T00:00:00,2026-09-14T00:00:00,roster_join,joins,0.0,0.0,0.08,0.85
7028f7bb4aec077e7570,https://www.vlr.gg/707785/akeman-leaves-dragon-ranger-gaming-joins-keepbest,"Akeman leaves Dragon Ranger Gaming, joins KeepBest","Akeman leaves Dragon Ranger Gaming, joins KeepBest The former rookie midseason addition is now a midseason departure for DRG.",2026-06-30T00:00:00,2026-06-30T00:00:00,2026-12-27T00:00:00,roster_exit,leaves,0.0,-0.85,0.28,0.95
b14aa8380c1259da346d,https://www.vlr.gg/707785/akeman-leaves-dragon-ranger-gaming-joins-keepbest,"Akeman leaves Dragon Ranger Gaming, joins KeepBest","Akeman leaves Dragon Ranger Gaming, joins KeepBest The former rookie midseason addition is now a midseason departure for DRG.",2026-06-30T00:00:00,2026-06-30T00:00:00,2026-09-13T00:00:00,roster_join,joins,0.0,0.0,0.08,0.85
50d771c80b4e5e2e2967,https://www.vlr.gg/707842/bilibili-gaming-picks-up-former-ge-xlg-analyst-balax,"BiliBili Gaming picks up former GE, XLG analyst balax","BiliBili Gaming picks up former GE, XLG analyst balax BiliBili adds a new face to its coaching corps ahead of a pivotal Stage 2.",2026-06-30T00:00:00,2026-06-30T00:00:00,2026-09-13T00:00:00,roster_join,adds,0.0,0.0,0.08,0.85
b054d2bd4685fb7b7f85,https://www.vlr.gg/707845/tyloo-sheaths-sword9-welcomes-him-back-to-the-coaching-booth,"TYLOO sheaths sword9, welcomes him back to the coaching booth","TYLOO sheaths sword9, welcomes him back to the coaching booth The IGL headset is handed over, with TYLOO's former head coach set to return to coaching.",2026-06-30T00:00:00,2026-06-30T00:00:00,2026-07-28T00:00:00,return,back,0.02,0.25,-0.1,0.8
df5883ecca67163b2306,https://www.vlr.gg/707876/smoggy-to-miss-ewc-coach-signed-to-step-in,"Smoggy to miss EWC, coach signed to step in","Smoggy to miss EWC, coach signed to step in signed is set to replace Smoggy in EDG's lineup for the Esports World Cup.",2026-06-30T00:00:00,2026-06-30T00:00:00,2026-08-04T00:00:00,unavailable,miss,0.0,-0.35,0.18,0.9
c5ab93dec05b5f06d57e,https://www.vlr.gg/707882/bilibili-brings-anaks-back-to-china-promotes-ft-from-xlb,"BiliBili brings Anaks back to China, promotes FT from XLB","BiliBili brings Anaks back to China, promotes FT from XLB The former JDG and DRX coach is back in VCT, set to lead BiliBili in a pivotal Stage 2.",2026-06-30T00:00:00,2026-06-30T00:00:00,2026-07-28T00:00:00,return,back,0.02,0.25,-0.1,0.8
88359656c2d71549b4c4,https://www.vlr.gg/707882/bilibili-brings-anaks-back-to-china-promotes-ft-from-xlb,"BiliBili brings Anaks back to China, promotes FT from XLB","BiliBili brings Anaks back to China, promotes FT from XLB The former JDG and DRX coach is back in VCT, set to lead BiliBili in a pivotal Stage 2.",2026-06-30T00:00:00,2026-06-30T00:00:00,2026-09-13T00:00:00,roster_join,promotes,0.0,0.0,0.08,0.85
8e9cc3ddc8d4b9656973,https://www.vlr.gg/707510/obone-retires-and-heybay-departs-nova-esports,OBONE retires and heybay departs Nova Esports,OBONE retires and heybay departs Nova Esports Nova's roster is trimmed down ahead of Stage 2.,2026-06-29T00:00:00,2026-06-29T00:00:00,2026-12-26T00:00:00,roster_exit,departs;retires,0.0,-0.85,0.28,0.95
a8e8f882ebe34caf70c6,https://www.vlr.gg/707183/titan-esports-club-adds-muggle-and-ra1ny-ahead-of-stage-2,Titan Esports Club adds Muggle and ra1ny ahead of Stage 2,Titan Esports Club adds Muggle and ra1ny ahead of Stage 2 Titan adds an experienced coach to its coaching booth and adds a familiar face in ra1ny.,2026-06-28T00:00:00,2026-06-28T00:00:00,2026-09-11T00:00:00,roster_join,adds,0.0,0.0,0.08,0.85
56afd408807dda3af76a,https://www.vlr.gg/707251/dragon-ranger-gaming-adds-verse,Dragon Ranger Gaming adds Verse,Dragon Ranger Gaming adds Verse The Chinese squad adds another to expand its roster size to seven ahead of Stage 2.,2026-06-28T00:00:00,2026-06-28T00:00:00,2026-09-11T00:00:00,roster_join,adds,0.0,0.0,0.08,0.85
7b2b990e1bed2290fcc6,https://www.vlr.gg/707257/wolves-bring-back-aluba-as-part-of-midseason-overhaul,Wolves bring back aluba as part of midseason overhaul,Wolves bring back aluba as part of midseason overhaul Wolves' roster mania continues with the return of aluba as its IGL.,2026-06-28T00:00:00,2026-06-28T00:00:00,2026-07-26T00:00:00,return,back,0.02,0.25,-0.1,0.8
08b228c6a2449fb64de2,https://www.vlr.gg/706781/siufatbb-leaves-the-wolfpack-lands-with-tyloo,"SiuFatBB leaves the wolfpack, lands with TYLOO","SiuFatBB leaves the wolfpack, lands with TYLOO The star of the Wolves show joins TYLOO.",2026-06-27T00:00:00,2026-06-27T00:00:00,2026-12-24T00:00:00,roster_exit,leaves,0.0,-0.85,0.28,0.95
24d5ab28a337815e0f77,https://www.vlr.gg/706781/siufatbb-leaves-the-wolfpack-lands-with-tyloo,"SiuFatBB leaves the wolfpack, lands with TYLOO","SiuFatBB leaves the wolfpack, lands with TYLOO The star of the Wolves show joins TYLOO.",2026-06-27T00:00:00,2026-06-27T00:00:00,2026-09-10T00:00:00,roster_join,joins,0.0,0.0,0.08,0.85
49d1c3c4b9e6c4d8cfc4,https://www.vlr.gg/706641/frost-out-of-global-esports-platoon-promoted-to-head-coach,"FrosT out of Global Esports, Platoon promoted to Head Coach","FrosT out of Global Esports, Platoon promoted to Head Coach The former TALON Head Coach has been let go from Global Esports ahead of Stage 2.",2026-06-26T00:00:00,2026-06-26T00:00:00,2026-07-31T00:00:00,unavailable,out of,0.0,-0.35,0.18,0.9
7f9824cc253edb0e90de,https://www.vlr.gg/706652/rrq-adds-former-motiv-naos-player-xan,"RRQ adds former Motiv, NAOS player Xan","RRQ adds former Motiv, NAOS player Xan Some new youth joins RRQ at the midway point of the season.",2026-06-26T00:00:00,2026-06-26T00:00:00,2026-09-09T00:00:00,roster_join,joins;adds,0.0,0.0,0.08,0.85
ca8cf76307138e95c554,https://www.vlr.gg/706655/neilzinho-to-miss-upcoming-events-with-team-heretics,neilzinho to miss upcoming events with Team Heretics,neilzinho to miss upcoming events with Team Heretics A ruptured ACL and torn meniscus has left neilzinho unable to walk.,2026-06-26T00:00:00,2026-06-26T00:00:00,2026-07-24T00:00:00,injury,torn,-0.08,-0.12,0.12,0.9
687ced9e63029b61d158,https://www.vlr.gg/706655/neilzinho-to-miss-upcoming-events-with-team-heretics,neilzinho to miss upcoming events with Team Heretics,neilzinho to miss upcoming events with Team Heretics A ruptured ACL and torn meniscus has left neilzinho unable to walk.,2026-06-26T00:00:00,2026-06-26T00:00:00,2026-07-31T00:00:00,unavailable,miss,0.0,-0.35,0.18,0.9
1d34a1fed1823e4ea544,https://www.vlr.gg/706659/kr-brings-back-the-heat,KRÜ brings (back) the heat,KRÜ brings (back) the heat KRÜ brings back its smile ahead of Stage 2.,2026-06-26T00:00:00,2026-06-26T00:00:00,2026-07-24T00:00:00,return,back,0.02,0.25,-0.1,0.8
8771dbdd3959c550b9e1,https://www.vlr.gg/706074/miniboo-moves-to-team-liquids-bench-by-request,MiniBoo moves to Team Liquid's bench by request,"MiniBoo moves to Team Liquid's bench by request Not even a year after joining the squad, MiniBoo is seeing out the rest of the 2026 season on Liquid's sideline.",2026-06-25T00:00:00,2026-06-25T00:00:00,2026-10-23T00:00:00,benching,bench,0.0,-0.7,0.25,0.95
103fdfa068631a4c0dc0,https://www.vlr.gg/706086/navi-completes-roster-with-cyvoph-assistant-coach-salah,"NAVI completes roster with CyvOph, assistant coach salah","NAVI completes roster with CyvOph, assistant coach salah Get the NAVI caps ready!",2026-06-25T00:00:00,2026-06-25T00:00:00,2026-08-24T00:00:00,roster_complete,completes roster,0.0,0.0,-0.08,0.75
345a2f230cd249183b29,https://www.vlr.gg/705799/funplus-phoenix-transfers-berlin-to-jdg-esports,FunPlus Phoenix transfers BerLIN to JDG Esports,FunPlus Phoenix transfers BerLIN to JDG Esports BerLIN's transfer leaves FPX with just three players ahead of VCT CN Stage 2.,2026-06-24T00:00:00,2026-06-24T00:00:00,2026-12-21T00:00:00,roster_exit,leaves,0.0,-0.85,0.28,0.95
55dc5f901601ee13c0eb,https://www.vlr.gg/705813/filu-benched-from-natus-vincere-ahead-of-stage-2,Filu benched from Natus Vincere ahead of Stage 2,Filu benched from Natus Vincere ahead of Stage 2 NAVI continues its restructure after missing out on London and Paris.,2026-06-24T00:00:00,2026-06-24T00:00:00,2026-10-22T00:00:00,benching,benched,0.0,-0.7,0.25,0.95
1a81802f7085389385a8,https://www.vlr.gg/705869/jdg-esports-releases-coconut-signs-crownfisher,"JDG Esports releases coconut, signs crownfisher","JDG Esports releases coconut, signs crownfisher JDG officially welcomed its new signing after fielding him in the China Evolution Series.",2026-06-24T00:00:00,2026-06-24T00:00:00,2026-09-07T00:00:00,roster_join,signs,0.0,0.0,0.08,0.85
fea6ee5ef415b9211b60,https://www.vlr.gg/705179/after-over-two-years-stew-leaves-jdg-esports,"After over two years, stew leaves JDG Esports","After over two years, stew leaves JDG Esports After nearly three years in China, stew may be out after departing JDG.",2026-06-22T00:00:00,2026-06-22T00:00:00,2026-12-19T00:00:00,roster_exit,leaves,0.0,-0.85,0.28,0.95
636f080ceec37104130f,https://www.vlr.gg/700899/fnatic-signs-cloud-on-three-year-contract,FNATIC signs Cloud on three-year contract,FNATIC signs Cloud on three-year contract The Russian's role on the team has not yet been made public.,2026-06-18T00:00:00,2026-06-18T00:00:00,2026-09-01T00:00:00,roster_join,signs,0.0,0.0,0.08,0.85
3d14bb712f7f76f5912f,https://www.vlr.gg/700920/flyquest-bench-net-promote-leo-and-slow,"FlyQuest bench neT, promote Leo and slow","FlyQuest bench neT, promote Leo and slow FlyQuest has made both player and coaching changes in the middle of NA Challengers Stage 3.",2026-06-18T00:00:00,2026-06-18T00:00:00,2026-10-16T00:00:00,benching,bench,0.0,-0.7,0.25,0.95
d4ce5f1ed7aec9011573,https://www.vlr.gg/700759/assistant-coach-turned-player-septem7-leaves-all-gamers,Assistant coach-turned-player Septem7 leaves All Gamers,"Assistant coach-turned-player Septem7 leaves All Gamers After a year and a half with the squad, Septem7 ends a rather storied spell with AG.",2026-06-17T00:00:00,2026-06-17T00:00:00,2026-12-14T00:00:00,roster_exit,leaves,0.0,-0.85,0.28,0.95
67461e1020b9974ceba5,https://www.vlr.gg/700306/leviat-n-obliterates-xlg-to-make-top-four-in-london,LEVIATÁN obliterates XLG to make top four in London,"LEVIATÁN obliterates XLG to make top four in London In the second round of the lower bracket, LEVIATÁN comfortably swept XLG 2-0 to reach top four and eliminate the second seed from China out of Masters London.",2026-06-16T00:00:00,2026-06-16T00:00:00,2026-07-21T00:00:00,unavailable,out of,0.0,-0.35,0.18,0.9
a7f26d6dea6163b1a4fe,https://www.vlr.gg/700385/natus-vincere-parts-ways-with-assistant-coach-chippy,Natus Vincere parts ways with assistant coach chippy,"Natus Vincere parts ways with assistant coach chippy After just over a full year in the NAVI coaching booth, chippy is out.",2026-06-16T00:00:00,2026-06-16T00:00:00,2026-12-13T00:00:00,roster_exit,parts ways,0.0,-0.85,0.28,0.95
16bc4df82dde828d4fe8,https://www.vlr.gg/698184/leviat-n-eliminates-team-heretics-at-masters-london,LEVIATÁN eliminates Team Heretics at Masters London,"LEVIATÁN eliminates Team Heretics at Masters London In the first elimination match of the Masters London playoffs, LEVIATÁN defeated and eliminated Team Heretics 2-1 to send local star benjyfishy out of his home tournament.",2026-06-14T00:00:00,2026-06-14T00:00:00,2026-07-19T00:00:00,unavailable,out of,0.0,-0.35,0.18,0.9
6c8ef1a7c7394472a0b6,https://www.vlr.gg/696924/edg-bring-fut-back-down-to-earth-in-2-1-victory,EDG bring FUT back down to earth in 2-1 victory,EDG bring FUT back down to earth in 2-1 victory The former world champions are back in form on the international stage.,2026-06-13T00:00:00,2026-06-13T00:00:00,2026-07-11T00:00:00,return,back,0.02,0.25,-0.1,0.8
2e1dc883823b82cae379,https://www.vlr.gg/695209/24k-returns-to-nova-esports-as-head-coach,24K returns to Nova Esports as head coach,24K returns to Nova Esports as head coach 24K is back after just over half a year away from Nova.,2026-06-11T00:00:00,2026-06-11T00:00:00,2026-07-09T00:00:00,return,returns;back,0.02,0.25,-0.1,0.8
