match_url,team,opponent,winner,player,agents,vlr_rating,acs,kills,deaths,assists,is_winner,scraped_at,team_score,opp_score
https://www.vlr.gg/706768/nongshim-redforce-vs-g2-esports-esports-world-cup-2026-decider-c,Nongshim RedForce,G2 Esports,Nongshim RedForce,Ivy,Viper,1.06,200.0,17,15,3,True,2026-07-09T17:25:30,2,1
https://www.vlr.gg/706768/nongshim-redforce-vs-g2-esports-esports-world-cup-2026-decider-c,Nongshim RedForce,G2 Esports,Nongshim RedForce,Xross,Phoenix,1.05,214.0,17,16,8,True,2026-07-09T17:25:30,2,1
https://www.vlr.gg/706768/nongshim-redforce-vs-g2-esports-esports-world-cup-2026-decider-c,Nongshim RedForce,G2 Esports,Nongshim RedForce,Rb,Harbor,0.99,221.0,17,18,12,True,2026-07-09T17:25:30,2,1
https://www.vlr.gg/706768/nongshim-redforce-vs-g2-esports-esports-world-cup-2026-decider-c,Nongshim RedForce,G2 Esports,Nongshim RedForce,Francis,Sova,0.88,160.0,13,15,1,True,2026-07-09T17:25:30,2,1
https://www.vlr.gg/706768/nongshim-redforce-vs-g2-esports-esports-world-cup-2026-decider-c,Nongshim RedForce,G2 Esports,Nongshim RedForce,Dambi,Neon,0.5,164.0,13,21,3,True,2026-07-09T17:25:30,2,1
https://www.vlr.gg/706768/nongshim-redforce-vs-g2-esports-esports-world-cup-2026-decider-c,G2 Esports,Nongshim RedForce,Nongshim RedForce,jawgemo,Kayo,1.49,285.0,27,16,8,False,2026-07-09T17:25:30,1,2
https://www.vlr.gg/706768/nongshim-redforce-vs-g2-esports-esports-world-cup-2026-decider-c,G2 Esports,Nongshim RedForce,Nongshim RedForce,leaf,Viper,1.17,220.0,18,14,5,False,2026-07-09T17:25:30,1,2
https://www.vlr.gg/706768/nongshim-redforce-vs-g2-esports-esports-world-cup-2026-decider-c,G2 Esports,Nongshim RedForce,Nongshim RedForce,trent,Sova,1.1,191.0,15,14,9,False,2026-07-09T17:25:30,1,2
https://www.vlr.gg/706768/nongshim-redforce-vs-g2-esports-esports-world-cup-2026-decider-c,G2 Esports,Nongshim RedForce,Nongshim RedForce,valyn,Astra,0.99,183.0,13,15,11,False,2026-07-09T17:25:30,1,2
https://www.vlr.gg/706768/nongshim-redforce-vs-g2-esports-esports-world-cup-2026-decider-c,G2 Esports,Nongshim RedForce,Nongshim RedForce,BABYBAY,Neon,0.59,145.0,12,18,5,False,2026-07-09T17:25:30,1,2
https://www.vlr.gg/706768/nongshim-redforce-vs-g2-esports-esports-world-cup-2026-decider-c,Nongshim RedForce,G2 Esports,Nongshim RedForce,Francis,Sova;Breach,1.2,202.0,54,44,21,True,2026-07-09T17:25:30,2,1
https://www.vlr.gg/706768/nongshim-redforce-vs-g2-esports-esports-world-cup-2026-decider-c,Nongshim RedForce,G2 Esports,Nongshim RedForce,Xross,Phoenix;Fade,1.14,209.0,51,50,30,True,2026-07-09T17:25:30,2,1
https://www.vlr.gg/706768/nongshim-redforce-vs-g2-esports-esports-world-cup-2026-decider-c,Nongshim RedForce,G2 Esports,Nongshim RedForce,Dambi,Neon,0.96,240.0,59,60,17,True,2026-07-09T17:25:30,2,1
https://www.vlr.gg/706768/nongshim-redforce-vs-g2-esports-esports-world-cup-2026-decider-c,Nongshim RedForce,G2 Esports,Nongshim RedForce,Rb,Harbor;Omen,0.96,178.0,43,50,38,True,2026-07-09T17:25:30,2,1
https://www.vlr.gg/706768/nongshim-redforce-vs-g2-esports-esports-world-cup-2026-decider-c,Nongshim RedForce,G2 Esports,Nongshim RedForce,Ivy,Viper;Cypher,0.95,180.0,46,49,16,True,2026-07-09T17:25:30,2,1
https://www.vlr.gg/706768/nongshim-redforce-vs-g2-esports-esports-world-cup-2026-decider-c,G2 Esports,Nongshim RedForce,Nongshim RedForce,trent,Sova;Skye,1.28,222.0,56,42,27,False,2026-07-09T17:25:30,1,2
https://www.vlr.gg/706768/nongshim-redforce-vs-g2-esports-esports-world-cup-2026-decider-c,G2 Esports,Nongshim RedForce,Nongshim RedForce,leaf,Viper;Sage;Cypher,1.11,222.0,57,48,22,False,2026-07-09T17:25:30,1,2
https://www.vlr.gg/706768/nongshim-redforce-vs-g2-esports-esports-world-cup-2026-decider-c,G2 Esports,Nongshim RedForce,Nongshim RedForce,valyn,Astra;Omen,0.96,193.0,46,50,31,False,2026-07-09T17:25:30,1,2
https://www.vlr.gg/706768/nongshim-redforce-vs-g2-esports-esports-world-cup-2026-decider-c,G2 Esports,Nongshim RedForce,Nongshim RedForce,jawgemo,Kayo;Neon;Phoenix,0.9,218.0,57,59,20,False,2026-07-09T17:25:30,1,2
https://www.vlr.gg/706768/nongshim-redforce-vs-g2-esports-esports-world-cup-2026-decider-c,G2 Esports,Nongshim RedForce,Nongshim RedForce,BABYBAY,Neon;Chamber;Jett,0.7,149.0,37,54,13,False,2026-07-09T17:25:30,1,2
https://www.vlr.gg/706768/nongshim-redforce-vs-g2-esports-esports-world-cup-2026-decider-c,Nongshim RedForce,G2 Esports,Nongshim RedForce,Ivy,Cypher,1.22,226.0,21,18,6,True,2026-07-09T17:25:30,2,1
https://www.vlr.gg/706768/nongshim-redforce-vs-g2-esports-esports-world-cup-2026-decider-c,Nongshim RedForce,G2 Esports,Nongshim RedForce,Francis,Breach,1.18,175.0,17,16,14,True,2026-07-09T17:25:30,2,1
https://www.vlr.gg/706768/nongshim-redforce-vs-g2-esports-esports-world-cup-2026-decider-c,Nongshim RedForce,G2 Esports,Nongshim RedForce,Xross,Fade,1.12,173.0,14,17,14,True,2026-07-09T17:25:30,2,1
https://www.vlr.gg/706768/nongshim-redforce-vs-g2-esports-esports-world-cup-2026-decider-c,Nongshim RedForce,G2 Esports,Nongshim RedForce,Rb,Omen,0.91,156.0,14,18,9,True,2026-07-09T17:25:30,2,1
https://www.vlr.gg/706768/nongshim-redforce-vs-g2-esports-esports-world-cup-2026-decider-c,Nongshim RedForce,G2 Esports,Nongshim RedForce,Dambi,Neon,0.86,253.0,21,23,6,True,2026-07-09T17:25:30,2,1
https://www.vlr.gg/706768/nongshim-redforce-vs-g2-esports-esports-world-cup-2026-decider-c,G2 Esports,Nongshim RedForce,Nongshim RedForce,trent,Skye,1.37,255.0,22,15,12,False,2026-07-09T17:25:30,1,2
https://www.vlr.gg/706768/nongshim-redforce-vs-g2-esports-esports-world-cup-2026-decider-c,G2 Esports,Nongshim RedForce,Nongshim RedForce,leaf,Sage,1.25,241.0,23,16,11,False,2026-07-09T17:25:30,1,2
https://www.vlr.gg/706768/nongshim-redforce-vs-g2-esports-esports-world-cup-2026-decider-c,G2 Esports,Nongshim RedForce,Nongshim RedForce,valyn,Omen,1.1,227.0,20,18,14,False,2026-07-09T17:25:30,1,2
https://www.vlr.gg/706768/nongshim-redforce-vs-g2-esports-esports-world-cup-2026-decider-c,G2 Esports,Nongshim RedForce,Nongshim RedForce,BABYBAY,Chamber,0.87,151.0,14,17,4,False,2026-07-09T17:25:30,1,2
https://www.vlr.gg/706768/nongshim-redforce-vs-g2-esports-esports-world-cup-2026-decider-c,G2 Esports,Nongshim RedForce,Nongshim RedForce,jawgemo,Neon,0.48,154.0,13,21,5,False,2026-07-09T17:25:30,1,2
https://www.vlr.gg/706768/nongshim-redforce-vs-g2-esports-esports-world-cup-2026-decider-c,Nongshim RedForce,G2 Esports,Nongshim RedForce,Francis,Sova,1.54,270.0,24,13,6,True,2026-07-09T17:25:30,2,1
https://www.vlr.gg/706768/nongshim-redforce-vs-g2-esports-esports-world-cup-2026-decider-c,Nongshim RedForce,G2 Esports,Nongshim RedForce,Dambi,Neon,1.53,304.0,25,16,8,True,2026-07-09T17:25:30,2,1
https://www.vlr.gg/706768/nongshim-redforce-vs-g2-esports-esports-world-cup-2026-decider-c,Nongshim RedForce,G2 Esports,Nongshim RedForce,Xross,Phoenix,1.26,240.0,20,17,8,True,2026-07-09T17:25:30,2,1
https://www.vlr.gg/706768/nongshim-redforce-vs-g2-esports-esports-world-cup-2026-decider-c,Nongshim RedForce,G2 Esports,Nongshim RedForce,Rb,Omen,0.99,158.0,12,14,17,True,2026-07-09T17:25:30,2,1
https://www.vlr.gg/706768/nongshim-redforce-vs-g2-esports-esports-world-cup-2026-decider-c,Nongshim RedForce,G2 Esports,Nongshim RedForce,Ivy,Cypher,0.52,115.0,8,16,7,True,2026-07-09T17:25:30,2,1
https://www.vlr.gg/706768/nongshim-redforce-vs-g2-esports-esports-world-cup-2026-decider-c,G2 Esports,Nongshim RedForce,Nongshim RedForce,trent,Sova,1.37,219.0,19,13,6,False,2026-07-09T17:25:30,1,2
https://www.vlr.gg/706768/nongshim-redforce-vs-g2-esports-esports-world-cup-2026-decider-c,G2 Esports,Nongshim RedForce,Nongshim RedForce,leaf,Cypher,0.88,204.0,16,18,6,False,2026-07-09T17:25:30,1,2
https://www.vlr.gg/706768/nongshim-redforce-vs-g2-esports-esports-world-cup-2026-decider-c,G2 Esports,Nongshim RedForce,Nongshim RedForce,jawgemo,Phoenix,0.79,214.0,17,22,7,False,2026-07-09T17:25:30,1,2
https://www.vlr.gg/706768/nongshim-redforce-vs-g2-esports-esports-world-cup-2026-decider-c,G2 Esports,Nongshim RedForce,Nongshim RedForce,valyn,Omen,0.78,168.0,13,17,6,False,2026-07-09T17:25:30,1,2
https://www.vlr.gg/706768/nongshim-redforce-vs-g2-esports-esports-world-cup-2026-decider-c,G2 Esports,Nongshim RedForce,Nongshim RedForce,BABYBAY,Jett,0.6,150.0,11,19,4,False,2026-07-09T17:25:30,1,2
https://www.vlr.gg/706767/xi-lai-gaming-vs-g2-esports-esports-world-cup-2026-elim-c,Xi Lai Gaming,G2 Esports,G2 Esports,Lysoar,Vyse,1.12,236.0,17,18,5,False,2026-07-09T17:25:32,0,2
https://www.vlr.gg/706767/xi-lai-gaming-vs-g2-esports-esports-world-cup-2026-elim-c,Xi Lai Gaming,G2 Esports,G2 Esports,Rarga,Jett,1.11,259.0,18,18,2,False,2026-07-09T17:25:32,0,2
https://www.vlr.gg/706767/xi-lai-gaming-vs-g2-esports-esports-world-cup-2026-elim-c,Xi Lai Gaming,G2 Esports,G2 Esports,happywei,Omen,0.96,197.0,12,16,9,False,2026-07-09T17:25:32,0,2
https://www.vlr.gg/706767/xi-lai-gaming-vs-g2-esports-esports-world-cup-2026-elim-c,Xi Lai Gaming,G2 Esports,G2 Esports,NoMan,Raze,0.86,170.0,12,15,2,False,2026-07-09T17:25:32,0,2
https://www.vlr.gg/706767/xi-lai-gaming-vs-g2-esports-esports-world-cup-2026-elim-c,Xi Lai Gaming,G2 Esports,G2 Esports,WsLeo,Fade,0.16,47.0,1,17,5,False,2026-07-09T17:25:32,0,2
https://www.vlr.gg/706767/xi-lai-gaming-vs-g2-esports-esports-world-cup-2026-elim-c,G2 Esports,Xi Lai Gaming,G2 Esports,jawgemo,Raze,1.49,286.0,21,11,3,True,2026-07-09T17:25:32,2,0
https://www.vlr.gg/706767/xi-lai-gaming-vs-g2-esports-esports-world-cup-2026-elim-c,G2 Esports,Xi Lai Gaming,G2 Esports,leaf,Viper,1.49,246.0,19,9,11,True,2026-07-09T17:25:32,2,0
https://www.vlr.gg/706767/xi-lai-gaming-vs-g2-esports-esports-world-cup-2026-elim-c,G2 Esports,Xi Lai Gaming,G2 Esports,valyn,Omen,1.19,218.0,19,11,4,True,2026-07-09T17:25:32,2,0
https://www.vlr.gg/706767/xi-lai-gaming-vs-g2-esports-esports-world-cup-2026-elim-c,G2 Esports,Xi Lai Gaming,G2 Esports,BABYBAY,Vyse,0.89,220.0,14,15,7,True,2026-07-09T17:25:32,2,0
https://www.vlr.gg/706767/xi-lai-gaming-vs-g2-esports-esports-world-cup-2026-elim-c,G2 Esports,Xi Lai Gaming,G2 Esports,trent,Skye,0.78,179.0,11,14,5,True,2026-07-09T17:25:32,2,0
https://www.vlr.gg/706767/xi-lai-gaming-vs-g2-esports-esports-world-cup-2026-elim-c,Xi Lai Gaming,G2 Esports,G2 Esports,Lysoar,Vyse;Omen,1.14,228.0,36,34,10,False,2026-07-09T17:25:32,0,2
https://www.vlr.gg/706767/xi-lai-gaming-vs-g2-esports-esports-world-cup-2026-elim-c,Xi Lai Gaming,G2 Esports,G2 Esports,Rarga,Jett;Phoenix,0.98,215.0,32,33,6,False,2026-07-09T17:25:32,0,2
https://www.vlr.gg/706767/xi-lai-gaming-vs-g2-esports-esports-world-cup-2026-elim-c,Xi Lai Gaming,G2 Esports,G2 Esports,happywei,Omen;Viper,0.89,208.0,27,33,15,False,2026-07-09T17:25:32,0,2
https://www.vlr.gg/706767/xi-lai-gaming-vs-g2-esports-esports-world-cup-2026-elim-c,Xi Lai Gaming,G2 Esports,G2 Esports,NoMan,Raze;Jett,0.86,189.0,29,32,2,False,2026-07-09T17:25:32,0,2
https://www.vlr.gg/706767/xi-lai-gaming-vs-g2-esports-esports-world-cup-2026-elim-c,Xi Lai Gaming,G2 Esports,G2 Esports,WsLeo,Fade;Sova,0.4,87.0,10,33,8,False,2026-07-09T17:25:32,0,2
https://www.vlr.gg/706767/xi-lai-gaming-vs-g2-esports-esports-world-cup-2026-elim-c,G2 Esports,Xi Lai Gaming,G2 Esports,leaf,Viper,1.35,253.0,38,24,17,True,2026-07-09T17:25:32,2,0
https://www.vlr.gg/706767/xi-lai-gaming-vs-g2-esports-esports-world-cup-2026-elim-c,G2 Esports,Xi Lai Gaming,G2 Esports,trent,Skye;Sova,1.26,218.0,34,24,10,True,2026-07-09T17:25:32,2,0
https://www.vlr.gg/706767/xi-lai-gaming-vs-g2-esports-esports-world-cup-2026-elim-c,G2 Esports,Xi Lai Gaming,G2 Esports,valyn,Omen;Astra,1.11,196.0,32,25,14,True,2026-07-09T17:25:32,2,0
https://www.vlr.gg/706767/xi-lai-gaming-vs-g2-esports-esports-world-cup-2026-elim-c,G2 Esports,Xi Lai Gaming,G2 Esports,jawgemo,Raze;Kayo,1.01,210.0,29,29,17,True,2026-07-09T17:25:32,2,0
https://www.vlr.gg/706767/xi-lai-gaming-vs-g2-esports-esports-world-cup-2026-elim-c,G2 Esports,Xi Lai Gaming,G2 Esports,BABYBAY,Vyse;Neon,0.96,230.0,32,32,10,True,2026-07-09T17:25:32,2,0
https://www.vlr.gg/706767/xi-lai-gaming-vs-g2-esports-esports-world-cup-2026-elim-c,Xi Lai Gaming,G2 Esports,G2 Esports,Lysoar,Omen,1.16,220.0,19,16,5,False,2026-07-09T17:25:32,0,2
https://www.vlr.gg/706767/xi-lai-gaming-vs-g2-esports-esports-world-cup-2026-elim-c,Xi Lai Gaming,G2 Esports,G2 Esports,Rarga,Phoenix,0.86,170.0,14,15,4,False,2026-07-09T17:25:32,0,2
https://www.vlr.gg/706767/xi-lai-gaming-vs-g2-esports-esports-world-cup-2026-elim-c,Xi Lai Gaming,G2 Esports,G2 Esports,NoMan,Jett,0.86,207.0,17,17,0,False,2026-07-09T17:25:32,0,2
https://www.vlr.gg/706767/xi-lai-gaming-vs-g2-esports-esports-world-cup-2026-elim-c,Xi Lai Gaming,G2 Esports,G2 Esports,happywei,Viper,0.82,218.0,15,17,6,False,2026-07-09T17:25:32,0,2
https://www.vlr.gg/706767/xi-lai-gaming-vs-g2-esports-esports-world-cup-2026-elim-c,Xi Lai Gaming,G2 Esports,G2 Esports,WsLeo,Sova,0.62,126.0,9,16,3,False,2026-07-09T17:25:32,0,2
https://www.vlr.gg/706767/xi-lai-gaming-vs-g2-esports-esports-world-cup-2026-elim-c,G2 Esports,Xi Lai Gaming,G2 Esports,trent,Sova,1.7,256.0,23,10,5,True,2026-07-09T17:25:32,2,0
https://www.vlr.gg/706767/xi-lai-gaming-vs-g2-esports-esports-world-cup-2026-elim-c,G2 Esports,Xi Lai Gaming,G2 Esports,leaf,Viper,1.23,259.0,19,15,6,True,2026-07-09T17:25:32,2,0
https://www.vlr.gg/706767/xi-lai-gaming-vs-g2-esports-esports-world-cup-2026-elim-c,G2 Esports,Xi Lai Gaming,G2 Esports,valyn,Astra,1.03,173.0,13,14,10,True,2026-07-09T17:25:32,2,0
https://www.vlr.gg/706767/xi-lai-gaming-vs-g2-esports-esports-world-cup-2026-elim-c,G2 Esports,Xi Lai Gaming,G2 Esports,BABYBAY,Neon,1.02,240.0,18,17,3,True,2026-07-09T17:25:32,2,0
https://www.vlr.gg/706767/xi-lai-gaming-vs-g2-esports-esports-world-cup-2026-elim-c,G2 Esports,Xi Lai Gaming,G2 Esports,jawgemo,Kayo,0.57,134.0,8,18,14,True,2026-07-09T17:25:32,2,0
https://www.vlr.gg/674862/fnatic-vs-natus-vincere-esports-world-cup-2026-emea-qualifier-stage-2-lr2,FNATIC,Natus Vincere,Natus Vincere,Alfajer,Cypher,1.17,191.0,20,15,6,False,2026-07-09T17:25:34,1,2
https://www.vlr.gg/674862/fnatic-vs-natus-vincere-esports-world-cup-2026-emea-qualifier-stage-2-lr2,FNATIC,Natus Vincere,Natus Vincere,kaajak,Neon,1.16,231.0,23,18,3,False,2026-07-09T17:25:34,1,2
https://www.vlr.gg/674862/fnatic-vs-natus-vincere-esports-world-cup-2026-emea-qualifier-stage-2-lr2,FNATIC,Natus Vincere,Natus Vincere,crashies,Sova,1.13,205.0,18,17,11,False,2026-07-09T17:25:34,1,2
https://www.vlr.gg/674862/fnatic-vs-natus-vincere-esports-world-cup-2026-emea-qualifier-stage-2-lr2,FNATIC,Natus Vincere,Natus Vincere,CyvOph,Kayo,1.05,200.0,18,20,15,False,2026-07-09T17:25:34,1,2
https://www.vlr.gg/674862/fnatic-vs-natus-vincere-esports-world-cup-2026-emea-qualifier-stage-2-lr2,FNATIC,Natus Vincere,Natus Vincere,Boaster,Omen,0.75,178.0,16,19,12,False,2026-07-09T17:25:34,1,2
https://www.vlr.gg/674862/fnatic-vs-natus-vincere-esports-world-cup-2026-emea-qualifier-stage-2-lr2,Natus Vincere,FNATIC,Natus Vincere,hiro,Cypher,1.22,216.0,23,18,4,True,2026-07-09T17:25:34,2,1
https://www.vlr.gg/674862/fnatic-vs-natus-vincere-esports-world-cup-2026-emea-qualifier-stage-2-lr2,Natus Vincere,FNATIC,Natus Vincere,Filu,Phoenix,1.07,220.0,21,20,7,True,2026-07-09T17:25:34,2,1
https://www.vlr.gg/674862/fnatic-vs-natus-vincere-esports-world-cup-2026-emea-qualifier-stage-2-lr2,Natus Vincere,FNATIC,Natus Vincere,chloric,Sova,1.0,147.0,12,16,8,True,2026-07-09T17:25:34,2,1
https://www.vlr.gg/674862/fnatic-vs-natus-vincere-esports-world-cup-2026-emea-qualifier-stage-2-lr2,Natus Vincere,FNATIC,Natus Vincere,Ruxic,Omen,0.97,185.0,19,19,12,True,2026-07-09T17:25:34,2,1
https://www.vlr.gg/674862/fnatic-vs-natus-vincere-esports-world-cup-2026-emea-qualifier-stage-2-lr2,Natus Vincere,FNATIC,Natus Vincere,ExiT,Neon,0.63,156.0,14,22,4,True,2026-07-09T17:25:34,2,1
https://www.vlr.gg/674862/fnatic-vs-natus-vincere-esports-world-cup-2026-emea-qualifier-stage-2-lr2,FNATIC,Natus Vincere,Natus Vincere,CyvOph,Kayo;Viper;Phoenix,1.15,231.0,58,55,30,False,2026-07-09T17:25:34,1,2
https://www.vlr.gg/674862/fnatic-vs-natus-vincere-esports-world-cup-2026-emea-qualifier-stage-2-lr2,FNATIC,Natus Vincere,Natus Vincere,crashies,Sova;Skye;Fade,1.07,181.0,48,46,26,False,2026-07-09T17:25:34,1,2
https://www.vlr.gg/674862/fnatic-vs-natus-vincere-esports-world-cup-2026-emea-qualifier-stage-2-lr2,FNATIC,Natus Vincere,Natus Vincere,Alfajer,Cypher;Waylay,1.04,208.0,57,50,9,False,2026-07-09T17:25:34,1,2
https://www.vlr.gg/674862/fnatic-vs-natus-vincere-esports-world-cup-2026-emea-qualifier-stage-2-lr2,FNATIC,Natus Vincere,Natus Vincere,kaajak,Neon,0.92,193.0,53,56,15,False,2026-07-09T17:25:34,1,2
https://www.vlr.gg/674862/fnatic-vs-natus-vincere-esports-world-cup-2026-emea-qualifier-stage-2-lr2,FNATIC,Natus Vincere,Natus Vincere,Boaster,Omen;Astra;Brimstone,0.91,178.0,46,51,25,False,2026-07-09T17:25:34,1,2
https://www.vlr.gg/674862/fnatic-vs-natus-vincere-esports-world-cup-2026-emea-qualifier-stage-2-lr2,Natus Vincere,FNATIC,Natus Vincere,Ruxic,Omen,1.1,191.0,55,48,26,True,2026-07-09T17:25:34,2,1
https://www.vlr.gg/674862/fnatic-vs-natus-vincere-esports-world-cup-2026-emea-qualifier-stage-2-lr2,Natus Vincere,FNATIC,Natus Vincere,Filu,Phoenix;Raze;Chamber,1.0,207.0,56,55,18,True,2026-07-09T17:25:34,2,1
https://www.vlr.gg/674862/fnatic-vs-natus-vincere-esports-world-cup-2026-emea-qualifier-stage-2-lr2,Natus Vincere,FNATIC,Natus Vincere,hiro,Cypher;Viper,0.99,202.0,56,53,11,True,2026-07-09T17:25:34,2,1
https://www.vlr.gg/674862/fnatic-vs-natus-vincere-esports-world-cup-2026-emea-qualifier-stage-2-lr2,Natus Vincere,FNATIC,Natus Vincere,chloric,Sova;Fade,0.91,147.0,39,47,18,True,2026-07-09T17:25:34,2,1
https://www.vlr.gg/674862/fnatic-vs-natus-vincere-esports-world-cup-2026-emea-qualifier-stage-2-lr2,Natus Vincere,FNATIC,Natus Vincere,ExiT,Neon,0.84,202.0,52,59,14,True,2026-07-09T17:25:34,2,1
https://www.vlr.gg/674862/fnatic-vs-natus-vincere-esports-world-cup-2026-emea-qualifier-stage-2-lr2,FNATIC,Natus Vincere,Natus Vincere,CyvOph,Viper,1.4,259.0,21,17,10,False,2026-07-09T17:25:34,1,2
https://www.vlr.gg/674862/fnatic-vs-natus-vincere-esports-world-cup-2026-emea-qualifier-stage-2-lr2,FNATIC,Natus Vincere,Natus Vincere,crashies,Skye,1.13,153.0,13,13,10,False,2026-07-09T17:25:34,1,2
https://www.vlr.gg/674862/fnatic-vs-natus-vincere-esports-world-cup-2026-emea-qualifier-stage-2-lr2,FNATIC,Natus Vincere,Natus Vincere,Alfajer,Waylay,0.94,188.0,16,16,1,False,2026-07-09T17:25:34,1,2
https://www.vlr.gg/674862/fnatic-vs-natus-vincere-esports-world-cup-2026-emea-qualifier-stage-2-lr2,FNATIC,Natus Vincere,Natus Vincere,Boaster,Astra,0.92,179.0,15,17,6,False,2026-07-09T17:25:34,1,2
https://www.vlr.gg/674862/fnatic-vs-natus-vincere-esports-world-cup-2026-emea-qualifier-stage-2-lr2,FNATIC,Natus Vincere,Natus Vincere,kaajak,Neon,0.66,156.0,14,21,7,False,2026-07-09T17:25:34,1,2
https://www.vlr.gg/674862/fnatic-vs-natus-vincere-esports-world-cup-2026-emea-qualifier-stage-2-lr2,Natus Vincere,FNATIC,Natus Vincere,ExiT,Neon,1.06,232.0,21,17,3,True,2026-07-09T17:25:34,2,1
https://www.vlr.gg/674862/fnatic-vs-natus-vincere-esports-world-cup-2026-emea-qualifier-stage-2-lr2,Natus Vincere,FNATIC,Natus Vincere,Filu,Raze,1.05,223.0,18,17,8,True,2026-07-09T17:25:34,2,1
https://www.vlr.gg/674862/fnatic-vs-natus-vincere-esports-world-cup-2026-emea-qualifier-stage-2-lr2,Natus Vincere,FNATIC,Natus Vincere,chloric,Fade,0.97,178.0,16,15,8,True,2026-07-09T17:25:34,2,1
https://www.vlr.gg/674862/fnatic-vs-natus-vincere-esports-world-cup-2026-emea-qualifier-stage-2-lr2,Natus Vincere,FNATIC,Natus Vincere,hiro,Viper,0.91,178.0,15,15,2,True,2026-07-09T17:25:34,2,1
https://www.vlr.gg/674862/fnatic-vs-natus-vincere-esports-world-cup-2026-emea-qualifier-stage-2-lr2,Natus Vincere,FNATIC,Natus Vincere,Ruxic,Omen,0.88,151.0,14,15,8,True,2026-07-09T17:25:34,2,1
https://www.vlr.gg/674862/fnatic-vs-natus-vincere-esports-world-cup-2026-emea-qualifier-stage-2-lr2,FNATIC,Natus Vincere,Natus Vincere,Boaster,Brimstone,1.09,178.0,15,15,7,False,2026-07-09T17:25:34,1,2
https://www.vlr.gg/674862/fnatic-vs-natus-vincere-esports-world-cup-2026-emea-qualifier-stage-2-lr2,FNATIC,Natus Vincere,Natus Vincere,CyvOph,Phoenix,1.03,233.0,19,18,5,False,2026-07-09T17:25:34,1,2
https://www.vlr.gg/674862/fnatic-vs-natus-vincere-esports-world-cup-2026-emea-qualifier-stage-2-lr2,FNATIC,Natus Vincere,Natus Vincere,Alfajer,Cypher,0.98,246.0,21,19,2,False,2026-07-09T17:25:34,1,2
https://www.vlr.gg/674862/fnatic-vs-natus-vincere-esports-world-cup-2026-emea-qualifier-stage-2-lr2,FNATIC,Natus Vincere,Natus Vincere,crashies,Fade,0.95,186.0,17,16,5,False,2026-07-09T17:25:34,1,2
https://www.vlr.gg/674862/fnatic-vs-natus-vincere-esports-world-cup-2026-emea-qualifier-stage-2-lr2,FNATIC,Natus Vincere,Natus Vincere,kaajak,Neon,0.89,192.0,16,17,5,False,2026-07-09T17:25:34,1,2
https://www.vlr.gg/674862/fnatic-vs-natus-vincere-esports-world-cup-2026-emea-qualifier-stage-2-lr2,Natus Vincere,FNATIC,Natus Vincere,Ruxic,Omen,1.46,236.0,22,14,6,True,2026-07-09T17:25:34,2,1
https://www.vlr.gg/674862/fnatic-vs-natus-vincere-esports-world-cup-2026-emea-qualifier-stage-2-lr2,Natus Vincere,FNATIC,Natus Vincere,Filu,Chamber,0.86,179.0,17,18,3,True,2026-07-09T17:25:34,2,1
https://www.vlr.gg/674862/fnatic-vs-natus-vincere-esports-world-cup-2026-emea-qualifier-stage-2-lr2,Natus Vincere,FNATIC,Natus Vincere,ExiT,Neon,0.86,218.0,17,20,7,True,2026-07-09T17:25:34,2,1
https://www.vlr.gg/674862/fnatic-vs-natus-vincere-esports-world-cup-2026-emea-qualifier-stage-2-lr2,Natus Vincere,FNATIC,Natus Vincere,hiro,Viper,0.8,213.0,18,20,5,True,2026-07-09T17:25:34,2,1
https://www.vlr.gg/674862/fnatic-vs-natus-vincere-esports-world-cup-2026-emea-qualifier-stage-2-lr2,Natus Vincere,FNATIC,Natus Vincere,chloric,Fade,0.74,116.0,11,16,2,True,2026-07-09T17:25:34,2,1
https://www.vlr.gg/706757/rex-regum-qeon-vs-edward-gaming-esports-world-cup-2026-elim-a,Rex Regum Qeon,EDward Gaming,EDward Gaming,Jemkin,Jett,1.23,286.0,17,14,3,False,2026-07-09T17:25:36,0,2
https://www.vlr.gg/706757/rex-regum-qeon-vs-edward-gaming-esports-world-cup-2026-elim-a,Rex Regum Qeon,EDward Gaming,EDward Gaming,Kushy,Sova,1.05,189.0,11,12,4,False,2026-07-09T17:25:36,0,2
https://www.vlr.gg/706757/rex-regum-qeon-vs-edward-gaming-esports-world-cup-2026-elim-a,Rex Regum Qeon,EDward Gaming,EDward Gaming,xffero,Veto,0.84,202.0,11,16,2,False,2026-07-09T17:25:36,0,2
https://www.vlr.gg/706757/rex-regum-qeon-vs-edward-gaming-esports-world-cup-2026-elim-a,Rex Regum Qeon,EDward Gaming,EDward Gaming,crazyguy,Sage,0.5,122.0,7,14,5,False,2026-07-09T17:25:36,0,2
https://www.vlr.gg/706757/rex-regum-qeon-vs-edward-gaming-esports-world-cup-2026-elim-a,Rex Regum Qeon,EDward Gaming,EDward Gaming,Xan,Omen,0.48,80.0,3,14,8,False,2026-07-09T17:25:36,0,2
https://www.vlr.gg/706757/rex-regum-qeon-vs-edward-gaming-esports-world-cup-2026-elim-a,EDward Gaming,Rex Regum Qeon,EDward Gaming,nobody,Sova,1.39,226.0,15,9,5,True,2026-07-09T17:25:36,2,0
https://www.vlr.gg/706757/rex-regum-qeon-vs-edward-gaming-esports-world-cup-2026-elim-a,EDward Gaming,Rex Regum Qeon,EDward Gaming,Jieni7,Kayo,1.38,266.0,15,10,14,True,2026-07-09T17:25:36,2,0
https://www.vlr.gg/706757/rex-regum-qeon-vs-edward-gaming-esports-world-cup-2026-elim-a,EDward Gaming,Rex Regum Qeon,EDward Gaming,ZmjjKK,Jett,1.18,226.0,16,8,2,True,2026-07-09T17:25:36,2,0
https://www.vlr.gg/706757/rex-regum-qeon-vs-edward-gaming-esports-world-cup-2026-elim-a,EDward Gaming,Rex Regum Qeon,EDward Gaming,CHICHOO,Cypher,1.03,163.0,13,11,2,True,2026-07-09T17:25:36,2,0
https://www.vlr.gg/706757/rex-regum-qeon-vs-edward-gaming-esports-world-cup-2026-elim-a,EDward Gaming,Rex Regum Qeon,EDward Gaming,signed,Omen,1.01,183.0,11,11,8,True,2026-07-09T17:25:36,2,0
https://www.vlr.gg/706757/rex-regum-qeon-vs-edward-gaming-esports-world-cup-2026-elim-a,Rex Regum Qeon,EDward Gaming,EDward Gaming,Jemkin,Jett;Chamber,1.5,296.0,46,28,5,False,2026-07-09T17:25:36,0,2
https://www.vlr.gg/706757/rex-regum-qeon-vs-edward-gaming-esports-world-cup-2026-elim-a,Rex Regum Qeon,EDward Gaming,EDward Gaming,Kushy,Sova;Viper,0.9,175.0,24,30,10,False,2026-07-09T17:25:36,0,2
https://www.vlr.gg/706757/rex-regum-qeon-vs-edward-gaming-esports-world-cup-2026-elim-a,Rex Regum Qeon,EDward Gaming,EDward Gaming,xffero,Veto;Omen,0.8,184.0,25,34,9,False,2026-07-09T17:25:36,0,2
https://www.vlr.gg/706757/rex-regum-qeon-vs-edward-gaming-esports-world-cup-2026-elim-a,Rex Regum Qeon,EDward Gaming,EDward Gaming,crazyguy,Sage;Sova,0.79,159.0,21,30,12,False,2026-07-09T17:25:36,0,2
https://www.vlr.gg/706757/rex-regum-qeon-vs-edward-gaming-esports-world-cup-2026-elim-a,Rex Regum Qeon,EDward Gaming,EDward Gaming,Xan,Omen;Neon,0.59,129.0,18,34,14,False,2026-07-09T17:25:36,0,2
https://www.vlr.gg/706757/rex-regum-qeon-vs-edward-gaming-esports-world-cup-2026-elim-a,EDward Gaming,Rex Regum Qeon,EDward Gaming,CHICHOO,Cypher;Viper,1.24,211.0,37,27,8,True,2026-07-09T17:25:36,2,0
https://www.vlr.gg/706757/rex-regum-qeon-vs-edward-gaming-esports-world-cup-2026-elim-a,EDward Gaming,Rex Regum Qeon,EDward Gaming,Jieni7,Kayo,1.23,229.0,30,26,27,True,2026-07-09T17:25:36,2,0
https://www.vlr.gg/706757/rex-regum-qeon-vs-edward-gaming-esports-world-cup-2026-elim-a,EDward Gaming,Rex Regum Qeon,EDward Gaming,ZmjjKK,Jett,1.11,240.0,37,28,10,True,2026-07-09T17:25:36,2,0
https://www.vlr.gg/706757/rex-regum-qeon-vs-edward-gaming-esports-world-cup-2026-elim-a,EDward Gaming,Rex Regum Qeon,EDward Gaming,nobody,Sova,1.04,199.0,29,27,11,True,2026-07-09T17:25:36,2,0
https://www.vlr.gg/706757/rex-regum-qeon-vs-edward-gaming-esports-world-cup-2026-elim-a,EDward Gaming,Rex Regum Qeon,EDward Gaming,signed,Omen;Harbor,0.9,161.0,23,26,18,True,2026-07-09T17:25:36,2,0
https://www.vlr.gg/706757/rex-regum-qeon-vs-edward-gaming-esports-world-cup-2026-elim-a,Rex Regum Qeon,EDward Gaming,EDward Gaming,Jemkin,Chamber,1.7,305.0,29,14,2,False,2026-07-09T17:25:36,0,2
https://www.vlr.gg/706757/rex-regum-qeon-vs-edward-gaming-esports-world-cup-2026-elim-a,Rex Regum Qeon,EDward Gaming,EDward Gaming,crazyguy,Sova,1.0,195.0,14,16,7,False,2026-07-09T17:25:36,0,2
https://www.vlr.gg/706757/rex-regum-qeon-vs-edward-gaming-esports-world-cup-2026-elim-a,Rex Regum Qeon,EDward Gaming,EDward Gaming,Kushy,Viper,0.79,160.0,13,18,6,False,2026-07-09T17:25:36,0,2
https://www.vlr.gg/706757/rex-regum-qeon-vs-edward-gaming-esports-world-cup-2026-elim-a,Rex Regum Qeon,EDward Gaming,EDward Gaming,xffero,Omen,0.78,165.0,14,18,7,False,2026-07-09T17:25:36,0,2
https://www.vlr.gg/706757/rex-regum-qeon-vs-edward-gaming-esports-world-cup-2026-elim-a,Rex Regum Qeon,EDward Gaming,EDward Gaming,Xan,Neon,0.68,178.0,15,20,6,False,2026-07-09T17:25:36,0,2
https://www.vlr.gg/706757/rex-regum-qeon-vs-edward-gaming-esports-world-cup-2026-elim-a,EDward Gaming,Rex Regum Qeon,EDward Gaming,CHICHOO,Viper,1.41,259.0,24,16,6,True,2026-07-09T17:25:36,2,0
https://www.vlr.gg/706757/rex-regum-qeon-vs-edward-gaming-esports-world-cup-2026-elim-a,EDward Gaming,Rex Regum Qeon,EDward Gaming,Jieni7,Kayo,1.12,191.0,15,16,13,True,2026-07-09T17:25:36,2,0
https://www.vlr.gg/706757/rex-regum-qeon-vs-edward-gaming-esports-world-cup-2026-elim-a,EDward Gaming,Rex Regum Qeon,EDward Gaming,ZmjjKK,Jett,1.05,254.0,21,20,8,True,2026-07-09T17:25:36,2,0
https://www.vlr.gg/706757/rex-regum-qeon-vs-edward-gaming-esports-world-cup-2026-elim-a,EDward Gaming,Rex Regum Qeon,EDward Gaming,signed,Harbor,0.81,139.0,12,15,10,True,2026-07-09T17:25:36,2,0
https://www.vlr.gg/706757/rex-regum-qeon-vs-edward-gaming-esports-world-cup-2026-elim-a,EDward Gaming,Rex Regum Qeon,EDward Gaming,nobody,Sova,0.79,172.0,14,18,6,True,2026-07-09T17:25:36,2,0
https://www.vlr.gg/675211/nongshim-redforce-vs-gen-g-esports-world-cup-2026-pacific-qualifier-stage-2-lbf,Nongshim RedForce,Gen.G,Nongshim RedForce,Francis,Sova,1.26,207.0,16,14,10,True,2026-07-09T17:25:38,3,1
https://www.vlr.gg/675211/nongshim-redforce-vs-gen-g-esports-world-cup-2026-pacific-qualifier-stage-2-lbf,Nongshim RedForce,Gen.G,Nongshim RedForce,Ivy,Cypher,1.15,226.0,20,14,4,True,2026-07-09T17:25:38,3,1
https://www.vlr.gg/675211/nongshim-redforce-vs-gen-g-esports-world-cup-2026-pacific-qualifier-stage-2-lbf,Nongshim RedForce,Gen.G,Nongshim RedForce,Xross,Phoenix,1.12,206.0,16,15,10,True,2026-07-09T17:25:38,3,1
https://www.vlr.gg/675211/nongshim-redforce-vs-gen-g-esports-world-cup-2026-pacific-qualifier-stage-2-lbf,Nongshim RedForce,Gen.G,Nongshim RedForce,Dambi,Neon,1.1,241.0,21,17,6,True,2026-07-09T17:25:38,3,1
https://www.vlr.gg/675211/nongshim-redforce-vs-gen-g-esports-world-cup-2026-pacific-qualifier-stage-2-lbf,Nongshim RedForce,Gen.G,Nongshim RedForce,Rb,Omen,0.79,144.0,13,18,12,True,2026-07-09T17:25:38,3,1
https://www.vlr.gg/675211/nongshim-redforce-vs-gen-g-esports-world-cup-2026-pacific-qualifier-stage-2-lbf,Gen.G,Nongshim RedForce,Nongshim RedForce,ZynX,Phoenix,1.12,226.0,19,17,4,False,2026-07-09T17:25:38,1,3
https://www.vlr.gg/675211/nongshim-redforce-vs-gen-g-esports-world-cup-2026-pacific-qualifier-stage-2-lbf,Gen.G,Nongshim RedForce,Nongshim RedForce,Ash,Neon,1.07,256.0,21,19,5,False,2026-07-09T17:25:38,1,3
https://www.vlr.gg/675211/nongshim-redforce-vs-gen-g-esports-world-cup-2026-pacific-qualifier-stage-2-lbf,Gen.G,Nongshim RedForce,Nongshim RedForce,Karon,Omen,0.94,145.0,13,15,12,False,2026-07-09T17:25:38,1,3
https://www.vlr.gg/675211/nongshim-redforce-vs-gen-g-esports-world-cup-2026-pacific-qualifier-stage-2-lbf,Gen.G,Nongshim RedForce,Nongshim RedForce,Lakia,Fade,0.87,150.0,11,16,9,False,2026-07-09T17:25:38,1,3
https://www.vlr.gg/675211/nongshim-redforce-vs-gen-g-esports-world-cup-2026-pacific-qualifier-stage-2-lbf,Gen.G,Nongshim RedForce,Nongshim RedForce,t3xture,Chamber,0.63,154.0,13,19,2,False,2026-07-09T17:25:38,1,3
https://www.vlr.gg/675211/nongshim-redforce-vs-gen-g-esports-world-cup-2026-pacific-qualifier-stage-2-lbf,Nongshim RedForce,Gen.G,Nongshim RedForce,Ivy,Cypher;Chamber;Killjoy;Viper,1.21,223.0,78,58,12,True,2026-07-09T17:25:38,3,1
https://www.vlr.gg/675211/nongshim-redforce-vs-gen-g-esports-world-cup-2026-pacific-qualifier-stage-2-lbf,Nongshim RedForce,Gen.G,Nongshim RedForce,Francis,Sova;Fade;Breach,1.11,195.0,63,60,32,True,2026-07-09T17:25:38,3,1
https://www.vlr.gg/675211/nongshim-redforce-vs-gen-g-esports-world-cup-2026-pacific-qualifier-stage-2-lbf,Nongshim RedForce,Gen.G,Nongshim RedForce,Dambi,Neon,1.06,234.0,73,64,26,True,2026-07-09T17:25:38,3,1
https://www.vlr.gg/675211/nongshim-redforce-vs-gen-g-esports-world-cup-2026-pacific-qualifier-stage-2-lbf,Nongshim RedForce,Gen.G,Nongshim RedForce,Xross,Phoenix;Raze,0.94,201.0,57,66,32,True,2026-07-09T17:25:38,3,1
https://www.vlr.gg/675211/nongshim-redforce-vs-gen-g-esports-world-cup-2026-pacific-qualifier-stage-2-lbf,Nongshim RedForce,Gen.G,Nongshim RedForce,Rb,Omen;Astra;Brimstone;Harbor,0.88,150.0,44,58,44,True,2026-07-09T17:25:38,3,1
https://www.vlr.gg/675211/nongshim-redforce-vs-gen-g-esports-world-cup-2026-pacific-qualifier-stage-2-lbf,Gen.G,Nongshim RedForce,Nongshim RedForce,Karon,Omen;Astra;Brimstone,1.15,217.0,66,60,44,False,2026-07-09T17:25:38,1,3
https://www.vlr.gg/675211/nongshim-redforce-vs-gen-g-esports-world-cup-2026-pacific-qualifier-stage-2-lbf,Gen.G,Nongshim RedForce,Nongshim RedForce,t3xture,Chamber;Phoenix;Jett,1.13,232.0,75,67,15,False,2026-07-09T17:25:38,1,3
https://www.vlr.gg/675211/nongshim-redforce-vs-gen-g-esports-world-cup-2026-pacific-qualifier-stage-2-lbf,Gen.G,Nongshim RedForce,Nongshim RedForce,Ash,Neon,0.93,196.0,60,64,25,False,2026-07-09T17:25:38,1,3
https://www.vlr.gg/675211/nongshim-redforce-vs-gen-g-esports-world-cup-2026-pacific-qualifier-stage-2-lbf,Gen.G,Nongshim RedForce,Nongshim RedForce,ZynX,Phoenix;Vyse;Killjoy;Viper,0.91,183.0,61,64,14,False,2026-07-09T17:25:38,1,3
https://www.vlr.gg/675211/nongshim-redforce-vs-gen-g-esports-world-cup-2026-pacific-qualifier-stage-2-lbf,Gen.G,Nongshim RedForce,Nongshim RedForce,Lakia,Fade;Sova,0.84,146.0,43,60,30,False,2026-07-09T17:25:38,1,3
https://www.vlr.gg/675211/nongshim-redforce-vs-gen-g-esports-world-cup-2026-pacific-qualifier-stage-2-lbf,Nongshim RedForce,Gen.G,Nongshim RedForce,Rb,Astra,1.22,181.0,12,11,9,True,2026-07-09T17:25:38,3,1
https://www.vlr.gg/675211/nongshim-redforce-vs-gen-g-esports-world-cup-2026-pacific-qualifier-stage-2-lbf,Nongshim RedForce,Gen.G,Nongshim RedForce,Francis,Fade,1.21,210.0,19,12,4,True,2026-07-09T17:25:38,3,1
https://www.vlr.gg/675211/nongshim-redforce-vs-gen-g-esports-world-cup-2026-pacific-qualifier-stage-2-lbf,Nongshim RedForce,Gen.G,Nongshim RedForce,Ivy,Chamber,1.06,205.0,16,14,2,True,2026-07-09T17:25:38,3,1
https://www.vlr.gg/675211/nongshim-redforce-vs-gen-g-esports-world-cup-2026-pacific-qualifier-stage-2-lbf,Nongshim RedForce,Gen.G,Nongshim RedForce,Dambi,Neon,0.94,223.0,17,14,5,True,2026-07-09T17:25:38,3,1
https://www.vlr.gg/675211/nongshim-redforce-vs-gen-g-esports-world-cup-2026-pacific-qualifier-stage-2-lbf,Nongshim RedForce,Gen.G,Nongshim RedForce,Xross,Phoenix,0.81,189.0,12,16,5,True,2026-07-09T17:25:38,3,1
https://www.vlr.gg/675211/nongshim-redforce-vs-gen-g-esports-world-cup-2026-pacific-qualifier-stage-2-lbf,Gen.G,Nongshim RedForce,Nongshim RedForce,Karon,Astra,1.59,320.0,24,14,2,False,2026-07-09T17:25:38,1,3
https://www.vlr.gg/675211/nongshim-redforce-vs-gen-g-esports-world-cup-2026-pacific-qualifier-stage-2-lbf,Gen.G,Nongshim RedForce,Nongshim RedForce,t3xture,Phoenix,1.17,236.0,17,16,6,False,2026-07-09T17:25:38,1,3
https://www.vlr.gg/675211/nongshim-redforce-vs-gen-g-esports-world-cup-2026-pacific-qualifier-stage-2-lbf,Gen.G,Nongshim RedForce,Nongshim RedForce,Ash,Neon,0.69,139.0,10,15,2,False,2026-07-09T17:25:38,1,3
https://www.vlr.gg/675211/nongshim-redforce-vs-gen-g-esports-world-cup-2026-pacific-qualifier-stage-2-lbf,Gen.G,Nongshim RedForce,Nongshim RedForce,Lakia,Fade,0.63,104.0,7,15,7,False,2026-07-09T17:25:38,1,3
https://www.vlr.gg/675211/nongshim-redforce-vs-gen-g-esports-world-cup-2026-pacific-qualifier-stage-2-lbf,Gen.G,Nongshim RedForce,Nongshim RedForce,ZynX,Vyse,0.57,128.0,9,16,4,False,2026-07-09T17:25:38,1,3
https://www.vlr.gg/675211/nongshim-redforce-vs-gen-g-esports-world-cup-2026-pacific-qualifier-stage-2-lbf,Nongshim RedForce,Gen.G,Nongshim RedForce,Ivy,Killjoy,1.42,266.0,24,16,2,True,2026-07-09T17:25:38,3,1
https://www.vlr.gg/675211/nongshim-redforce-vs-gen-g-esports-world-cup-2026-pacific-qualifier-stage-2-lbf,Nongshim RedForce,Gen.G,Nongshim RedForce,Francis,Breach,0.98,186.0,13,18,11,True,2026-07-09T17:25:38,3,1
https://www.vlr.gg/675211/nongshim-redforce-vs-gen-g-esports-world-cup-2026-pacific-qualifier-stage-2-lbf,Nongshim RedForce,Gen.G,Nongshim RedForce,Dambi,Neon,0.96,192.0,14,16,9,True,2026-07-09T17:25:38,3,1
https://www.vlr.gg/675211/nongshim-redforce-vs-gen-g-esports-world-cup-2026-pacific-qualifier-stage-2-lbf,Nongshim RedForce,Gen.G,Nongshim RedForce,Xross,Raze,0.85,207.0,13,19,8,True,2026-07-09T17:25:38,3,1
https://www.vlr.gg/675211/nongshim-redforce-vs-gen-g-esports-world-cup-2026-pacific-qualifier-stage-2-lbf,Nongshim RedForce,Gen.G,Nongshim RedForce,Rb,Brimstone,0.62,133.0,6,16,16,True,2026-07-09T17:25:38,3,1
https://www.vlr.gg/675211/nongshim-redforce-vs-gen-g-esports-world-cup-2026-pacific-qualifier-stage-2-lbf,Gen.G,Nongshim RedForce,Nongshim RedForce,t3xture,Phoenix,1.26,247.0,20,15,5,False,2026-07-09T17:25:38,1,3
https://www.vlr.gg/675211/nongshim-redforce-vs-gen-g-esports-world-cup-2026-pacific-qualifier-stage-2-lbf,Gen.G,Nongshim RedForce,Nongshim RedForce,Ash,Neon,1.19,241.0,18,14,12,False,2026-07-09T17:25:38,1,3
https://www.vlr.gg/675211/nongshim-redforce-vs-gen-g-esports-world-cup-2026-pacific-qualifier-stage-2-lbf,Gen.G,Nongshim RedForce,Nongshim RedForce,Karon,Brimstone,1.17,241.0,18,15,15,False,2026-07-09T17:25:38,1,3
https://www.vlr.gg/675211/nongshim-redforce-vs-gen-g-esports-world-cup-2026-pacific-qualifier-stage-2-lbf,Gen.G,Nongshim RedForce,Nongshim RedForce,ZynX,Killjoy,1.05,188.0,16,13,4,False,2026-07-09T17:25:38,1,3
https://www.vlr.gg/675211/nongshim-redforce-vs-gen-g-esports-world-cup-2026-pacific-qualifier-stage-2-lbf,Gen.G,Nongshim RedForce,Nongshim RedForce,Lakia,Fade,0.98,161.0,13,13,7,False,2026-07-09T17:25:38,1,3
https://www.vlr.gg/675211/nongshim-redforce-vs-gen-g-esports-world-cup-2026-pacific-qualifier-stage-2-lbf,Nongshim RedForce,Gen.G,Nongshim RedForce,Dambi,Neon,1.21,281.0,21,17,6,True,2026-07-09T17:25:38,3,1
https://www.vlr.gg/675211/nongshim-redforce-vs-gen-g-esports-world-cup-2026-pacific-qualifier-stage-2-lbf,Nongshim RedForce,Gen.G,Nongshim RedForce,Ivy,Viper,1.2,196.0,18,14,4,True,2026-07-09T17:25:38,3,1
https://www.vlr.gg/675211/nongshim-redforce-vs-gen-g-esports-world-cup-2026-pacific-qualifier-stage-2-lbf,Nongshim RedForce,Gen.G,Nongshim RedForce,Francis,Sova,0.98,176.0,15,16,7,True,2026-07-09T17:25:38,3,1
https://www.vlr.gg/675211/nongshim-redforce-vs-gen-g-esports-world-cup-2026-pacific-qualifier-stage-2-lbf,Nongshim RedForce,Gen.G,Nongshim RedForce,Xross,Phoenix,0.95,202.0,16,16,9,True,2026-07-09T17:25:38,3,1
https://www.vlr.gg/675211/nongshim-redforce-vs-gen-g-esports-world-cup-2026-pacific-qualifier-stage-2-lbf,Nongshim RedForce,Gen.G,Nongshim RedForce,Rb,Harbor,0.9,143.0,13,13,7,True,2026-07-09T17:25:38,3,1
https://www.vlr.gg/675211/nongshim-redforce-vs-gen-g-esports-world-cup-2026-pacific-qualifier-stage-2-lbf,Gen.G,Nongshim RedForce,Nongshim RedForce,t3xture,Jett,1.48,292.0,25,17,2,False,2026-07-09T17:25:38,1,3
https://www.vlr.gg/675211/nongshim-redforce-vs-gen-g-esports-world-cup-2026-pacific-qualifier-stage-2-lbf,Gen.G,Nongshim RedForce,Nongshim RedForce,Karon,Omen,0.95,161.0,11,16,15,False,2026-07-09T17:25:38,1,3
https://www.vlr.gg/675211/nongshim-redforce-vs-gen-g-esports-world-cup-2026-pacific-qualifier-stage-2-lbf,Gen.G,Nongshim RedForce,Nongshim RedForce,ZynX,Viper,0.85,188.0,17,18,2,False,2026-07-09T17:25:38,1,3
https://www.vlr.gg/675211/nongshim-redforce-vs-gen-g-esports-world-cup-2026-pacific-qualifier-stage-2-lbf,Gen.G,Nongshim RedForce,Nongshim RedForce,Lakia,Sova,0.84,170.0,12,16,7,False,2026-07-09T17:25:38,1,3
https://www.vlr.gg/675211/nongshim-redforce-vs-gen-g-esports-world-cup-2026-pacific-qualifier-stage-2-lbf,Gen.G,Nongshim RedForce,Nongshim RedForce,Ash,Neon,0.77,147.0,11,16,6,False,2026-07-09T17:25:38,1,3
https://www.vlr.gg/681336/loud-vs-sentinels-esports-world-cup-2026-americas-qualifier-stage-2-lr2,LOUD,Sentinels,LOUD,cauanzin,Sova,1.18,220.0,18,16,8,True,2026-07-09T17:25:40,2,1
https://www.vlr.gg/681336/loud-vs-sentinels-esports-world-cup-2026-americas-qualifier-stage-2-lr2,LOUD,Sentinels,LOUD,lukxo,Harbor,1.14,234.0,18,17,8,True,2026-07-09T17:25:40,2,1
https://www.vlr.gg/681336/loud-vs-sentinels-esports-world-cup-2026-americas-qualifier-stage-2-lr2,LOUD,Sentinels,LOUD,Virtyy,Neon,0.86,181.0,14,17,5,True,2026-07-09T17:25:40,2,1
https://www.vlr.gg/681336/loud-vs-sentinels-esports-world-cup-2026-americas-qualifier-stage-2-lr2,LOUD,Sentinels,LOUD,erde,Astra,0.72,127.0,9,14,5,True,2026-07-09T17:25:40,2,1
https://www.vlr.gg/681336/loud-vs-sentinels-esports-world-cup-2026-americas-qualifier-stage-2-lr2,LOUD,Sentinels,LOUD,Darker,Vyse,0.68,128.0,10,16,4,True,2026-07-09T17:25:40,2,1
https://www.vlr.gg/681336/loud-vs-sentinels-esports-world-cup-2026-americas-qualifier-stage-2-lr2,Sentinels,LOUD,LOUD,johnqt,Harbor,1.35,212.0,18,11,9,False,2026-07-09T17:25:40,1,2
https://www.vlr.gg/681336/loud-vs-sentinels-esports-world-cup-2026-americas-qualifier-stage-2-lr2,Sentinels,LOUD,LOUD,cortezia,Viper,1.3,205.0,17,11,6,False,2026-07-09T17:25:40,1,2
https://www.vlr.gg/681336/loud-vs-sentinels-esports-world-cup-2026-americas-qualifier-stage-2-lr2,Sentinels,LOUD,LOUD,Jerrwin,Neon,1.13,270.0,21,16,1,False,2026-07-09T17:25:40,1,2
https://www.vlr.gg/681336/loud-vs-sentinels-esports-world-cup-2026-americas-qualifier-stage-2-lr2,Sentinels,LOUD,LOUD,JonahP,Sova,0.84,163.0,13,15,3,False,2026-07-09T17:25:40,1,2
https://www.vlr.gg/681336/loud-vs-sentinels-esports-world-cup-2026-americas-qualifier-stage-2-lr2,Sentinels,LOUD,LOUD,Reduxx,Iso,0.81,162.0,11,16,12,False,2026-07-09T17:25:40,1,2
https://www.vlr.gg/681336/loud-vs-sentinels-esports-world-cup-2026-americas-qualifier-stage-2-lr2,LOUD,Sentinels,LOUD,cauanzin,Sova;Fade,1.06,224.0,51,50,28,True,2026-07-09T17:25:40,2,1
https://www.vlr.gg/681336/loud-vs-sentinels-esports-world-cup-2026-americas-qualifier-stage-2-lr2,LOUD,Sentinels,LOUD,Darker,Vyse,1.03,181.0,43,44,16,True,2026-07-09T17:25:40,2,1
https://www.vlr.gg/681336/loud-vs-sentinels-esports-world-cup-2026-americas-qualifier-stage-2-lr2,LOUD,Sentinels,LOUD,lukxo,Harbor;Viper;Phoenix,1.01,224.0,49,53,20,True,2026-07-09T17:25:40,2,1
https://www.vlr.gg/681336/loud-vs-sentinels-esports-world-cup-2026-americas-qualifier-stage-2-lr2,LOUD,Sentinels,LOUD,Virtyy,Neon,0.99,202.0,49,48,11,True,2026-07-09T17:25:40,2,1
https://www.vlr.gg/681336/loud-vs-sentinels-esports-world-cup-2026-americas-qualifier-stage-2-lr2,LOUD,Sentinels,LOUD,erde,Astra;Omen,0.84,167.0,38,48,21,True,2026-07-09T17:25:40,2,1
https://www.vlr.gg/681336/loud-vs-sentinels-esports-world-cup-2026-americas-qualifier-stage-2-lr2,Sentinels,LOUD,LOUD,cortezia,Viper;Cypher;Vyse,1.2,225.0,55,39,11,False,2026-07-09T17:25:40,1,2
https://www.vlr.gg/681336/loud-vs-sentinels-esports-world-cup-2026-americas-qualifier-stage-2-lr2,Sentinels,LOUD,LOUD,johnqt,Harbor;Omen;Astra,1.1,206.0,47,41,29,False,2026-07-09T17:25:40,1,2
https://www.vlr.gg/681336/loud-vs-sentinels-esports-world-cup-2026-americas-qualifier-stage-2-lr2,Sentinels,LOUD,LOUD,Reduxx,Iso;Raze;Phoenix,0.95,220.0,50,50,19,False,2026-07-09T17:25:40,1,2
https://www.vlr.gg/681336/loud-vs-sentinels-esports-world-cup-2026-americas-qualifier-stage-2-lr2,Sentinels,LOUD,LOUD,Jerrwin,Neon,0.89,222.0,48,54,20,False,2026-07-09T17:25:40,1,2
https://www.vlr.gg/681336/loud-vs-sentinels-esports-world-cup-2026-americas-qualifier-stage-2-lr2,Sentinels,LOUD,LOUD,JonahP,Sova;Fade,0.89,176.0,43,46,13,False,2026-07-09T17:25:40,1,2
https://www.vlr.gg/681336/loud-vs-sentinels-esports-world-cup-2026-americas-qualifier-stage-2-lr2,LOUD,Sentinels,LOUD,Darker,Vyse,1.28,201.0,18,13,3,True,2026-07-09T17:25:40,2,1
https://www.vlr.gg/681336/loud-vs-sentinels-esports-world-cup-2026-americas-qualifier-stage-2-lr2,LOUD,Sentinels,LOUD,Virtyy,Neon,1.1,233.0,21,18,3,True,2026-07-09T17:25:40,2,1
https://www.vlr.gg/681336/loud-vs-sentinels-esports-world-cup-2026-americas-qualifier-stage-2-lr2,LOUD,Sentinels,LOUD,lukxo,Viper,1.0,226.0,16,19,5,True,2026-07-09T17:25:40,2,1
https://www.vlr.gg/681336/loud-vs-sentinels-esports-world-cup-2026-americas-qualifier-stage-2-lr2,LOUD,Sentinels,LOUD,cauanzin,Fade,0.8,181.0,14,19,12,True,2026-07-09T17:25:40,2,1
https://www.vlr.gg/681336/loud-vs-sentinels-esports-world-cup-2026-americas-qualifier-stage-2-lr2,LOUD,Sentinels,LOUD,erde,Omen,0.45,155.0,12,23,7,True,2026-07-09T17:25:40,2,1
https://www.vlr.gg/681336/loud-vs-sentinels-esports-world-cup-2026-americas-qualifier-stage-2-lr2,Sentinels,LOUD,LOUD,JonahP,Fade,1.55,268.0,25,12,5,False,2026-07-09T17:25:40,1,2
https://www.vlr.gg/681336/loud-vs-sentinels-esports-world-cup-2026-americas-qualifier-stage-2-lr2,Sentinels,LOUD,LOUD,cortezia,Cypher,1.18,249.0,21,15,3,False,2026-07-09T17:25:40,1,2
https://www.vlr.gg/681336/loud-vs-sentinels-esports-world-cup-2026-americas-qualifier-stage-2-lr2,Sentinels,LOUD,LOUD,Reduxx,Raze,1.07,251.0,21,18,3,False,2026-07-09T17:25:40,1,2
https://www.vlr.gg/681336/loud-vs-sentinels-esports-world-cup-2026-americas-qualifier-stage-2-lr2,Sentinels,LOUD,LOUD,johnqt,Omen,1.0,190.0,14,15,14,False,2026-07-09T17:25:40,1,2
https://www.vlr.gg/681336/loud-vs-sentinels-esports-world-cup-2026-americas-qualifier-stage-2-lr2,Sentinels,LOUD,LOUD,Jerrwin,Neon,0.51,155.0,11,21,9,False,2026-07-09T17:25:40,1,2
https://www.vlr.gg/681336/loud-vs-sentinels-esports-world-cup-2026-americas-qualifier-stage-2-lr2,LOUD,Sentinels,LOUD,erde,Astra,1.42,219.0,17,11,9,True,2026-07-09T17:25:40,2,1
https://www.vlr.gg/681336/loud-vs-sentinels-esports-world-cup-2026-americas-qualifier-stage-2-lr2,LOUD,Sentinels,LOUD,cauanzin,Fade,1.24,271.0,19,15,8,True,2026-07-09T17:25:40,2,1
https://www.vlr.gg/681336/loud-vs-sentinels-esports-world-cup-2026-americas-qualifier-stage-2-lr2,LOUD,Sentinels,LOUD,Darker,Vyse,1.13,215.0,15,15,9,True,2026-07-09T17:25:40,2,1
https://www.vlr.gg/681336/loud-vs-sentinels-esports-world-cup-2026-americas-qualifier-stage-2-lr2,LOUD,Sentinels,LOUD,Virtyy,Neon,0.99,191.0,14,13,3,True,2026-07-09T17:25:40,2,1
https://www.vlr.gg/681336/loud-vs-sentinels-esports-world-cup-2026-americas-qualifier-stage-2-lr2,LOUD,Sentinels,LOUD,lukxo,Phoenix,0.89,211.0,15,17,7,True,2026-07-09T17:25:40,2,1
https://www.vlr.gg/681336/loud-vs-sentinels-esports-world-cup-2026-americas-qualifier-stage-2-lr2,Sentinels,LOUD,LOUD,cortezia,Vyse,1.12,222.0,17,13,2,False,2026-07-09T17:25:40,1,2
https://www.vlr.gg/681336/loud-vs-sentinels-esports-world-cup-2026-americas-qualifier-stage-2-lr2,Sentinels,LOUD,LOUD,Jerrwin,Neon,1.05,241.0,16,17,10,False,2026-07-09T17:25:40,1,2
https://www.vlr.gg/681336/loud-vs-sentinels-esports-world-cup-2026-americas-qualifier-stage-2-lr2,Sentinels,LOUD,LOUD,Reduxx,Phoenix,0.96,246.0,18,16,4,False,2026-07-09T17:25:40,1,2
https://www.vlr.gg/681336/loud-vs-sentinels-esports-world-cup-2026-americas-qualifier-stage-2-lr2,Sentinels,LOUD,LOUD,johnqt,Astra,0.95,215.0,15,15,6,False,2026-07-09T17:25:40,1,2
https://www.vlr.gg/681336/loud-vs-sentinels-esports-world-cup-2026-americas-qualifier-stage-2-lr2,Sentinels,LOUD,LOUD,JonahP,Fade,0.19,97.0,5,19,5,False,2026-07-09T17:25:40,1,2
https://www.vlr.gg/701025/wolves-esports-vs-titan-esports-club-vct-2026-china-stage-2-w1,Wolves Esports,Wuxi Titan Esports Club(Titan Esports Club),Wolves Esports,Deryeon,Omen,1.92,397.0,28,11,8,True,2026-07-09T17:25:42,2,0
https://www.vlr.gg/701025/wolves-esports-vs-titan-esports-club-vct-2026-china-stage-2-w1,Wolves Esports,Wuxi Titan Esports Club(Titan Esports Club),Wolves Esports,aluba,Sova,1.39,255.0,16,9,2,True,2026-07-09T17:25:42,2,0
https://www.vlr.gg/701025/wolves-esports-vs-titan-esports-club-vct-2026-china-stage-2-w1,Wolves Esports,Wuxi Titan Esports Club(Titan Esports Club),Wolves Esports,Spring,Viper,1.06,227.0,14,12,7,True,2026-07-09T17:25:42,2,0
https://www.vlr.gg/701025/wolves-esports-vs-titan-esports-club-vct-2026-china-stage-2-w1,Wolves Esports,Wuxi Titan Esports Club(Titan Esports Club),Wolves Esports,yosemite,Sage,0.78,162.0,10,12,8,True,2026-07-09T17:25:42,2,0
https://www.vlr.gg/701025/wolves-esports-vs-titan-esports-club-vct-2026-china-stage-2-w1,Wolves Esports,Wuxi Titan Esports Club(Titan Esports Club),Wolves Esports,glacier,Neon,0.54,180.0,12,15,1,True,2026-07-09T17:25:42,2,0
https://www.vlr.gg/701025/wolves-esports-vs-titan-esports-club-vct-2026-china-stage-2-w1,Wuxi Titan Esports Club(Titan Esports Club),Wolves Esports,Wolves Esports,Spitfires,Sage,1.12,247.0,14,16,5,False,2026-07-09T17:25:42,0,2
https://www.vlr.gg/701025/wolves-esports-vs-titan-esports-club-vct-2026-china-stage-2-w1,Wuxi Titan Esports Club(Titan Esports Club),Wolves Esports,Wolves Esports,Haodong,Cypher,0.97,197.0,13,14,1,False,2026-07-09T17:25:42,0,2
https://www.vlr.gg/701025/wolves-esports-vs-titan-esports-club-vct-2026-china-stage-2-w1,Wuxi Titan Esports Club(Titan Esports Club),Wolves Esports,Wolves Esports,Coco,Omen,0.88,203.0,13,18,7,False,2026-07-09T17:25:42,0,2
https://www.vlr.gg/701025/wolves-esports-vs-titan-esports-club-vct-2026-china-stage-2-w1,Wuxi Titan Esports Club(Titan Esports Club),Wolves Esports,Wolves Esports,lucas,Sova,0.79,165.0,8,15,8,False,2026-07-09T17:25:42,0,2
https://www.vlr.gg/701025/wolves-esports-vs-titan-esports-club-vct-2026-china-stage-2-w1,Wuxi Titan Esports Club(Titan Esports Club),Wolves Esports,Wolves Esports,Dynamite,Neon,0.77,187.0,11,17,8,False,2026-07-09T17:25:42,0,2
https://www.vlr.gg/701025/wolves-esports-vs-titan-esports-club-vct-2026-china-stage-2-w1,Wolves Esports,Wuxi Titan Esports Club(Titan Esports Club),Wolves Esports,Deryeon,Omen,1.54,296.0,45,23,16,True,2026-07-09T17:25:42,2,0
https://www.vlr.gg/701025/wolves-esports-vs-titan-esports-club-vct-2026-china-stage-2-w1,Wolves Esports,Wuxi Titan Esports Club(Titan Esports Club),Wolves Esports,Spring,Viper,1.17,219.0,31,25,16,True,2026-07-09T17:25:42,2,0
https://www.vlr.gg/701025/wolves-esports-vs-titan-esports-club-vct-2026-china-stage-2-w1,Wolves Esports,Wuxi Titan Esports Club(Titan Esports Club),Wolves Esports,aluba,Sova,1.11,203.0,29,23,5,True,2026-07-09T17:25:42,2,0
https://www.vlr.gg/701025/wolves-esports-vs-titan-esports-club-vct-2026-china-stage-2-w1,Wolves Esports,Wuxi Titan Esports Club(Titan Esports Club),Wolves Esports,yosemite,Sage;Killjoy,1.08,203.0,30,25,10,True,2026-07-09T17:25:42,2,0
https://www.vlr.gg/701025/wolves-esports-vs-titan-esports-club-vct-2026-china-stage-2-w1,Wolves Esports,Wuxi Titan Esports Club(Titan Esports Club),Wolves Esports,glacier,Neon,0.7,166.0,23,32,9,True,2026-07-09T17:25:42,2,0
https://www.vlr.gg/701025/wolves-esports-vs-titan-esports-club-vct-2026-china-stage-2-w1,Wuxi Titan Esports Club(Titan Esports Club),Wolves Esports,Wolves Esports,Spitfires,Sage;Waylay,0.95,231.0,30,35,8,False,2026-07-09T17:25:42,0,2
https://www.vlr.gg/701025/wolves-esports-vs-titan-esports-club-vct-2026-china-stage-2-w1,Wuxi Titan Esports Club(Titan Esports Club),Wolves Esports,Wolves Esports,Dynamite,Neon;Jett,0.93,195.0,28,32,11,False,2026-07-09T17:25:42,0,2
https://www.vlr.gg/701025/wolves-esports-vs-titan-esports-club-vct-2026-china-stage-2-w1,Wuxi Titan Esports Club(Titan Esports Club),Wolves Esports,Wolves Esports,lucas,Sova,0.9,181.0,22,30,15,False,2026-07-09T17:25:42,0,2
https://www.vlr.gg/701025/wolves-esports-vs-titan-esports-club-vct-2026-china-stage-2-w1,Wuxi Titan Esports Club(Titan Esports Club),Wolves Esports,Wolves Esports,Haodong,Cypher,0.86,183.0,27,30,4,False,2026-07-09T17:25:42,0,2
https://www.vlr.gg/701025/wolves-esports-vs-titan-esports-club-vct-2026-china-stage-2-w1,Wuxi Titan Esports Club(Titan Esports Club),Wolves Esports,Wolves Esports,Coco,Omen,0.86,162.0,21,31,20,False,2026-07-09T17:25:42,0,2
https://www.vlr.gg/701025/wolves-esports-vs-titan-esports-club-vct-2026-china-stage-2-w1,Wolves Esports,Wuxi Titan Esports Club(Titan Esports Club),Wolves Esports,yosemite,Killjoy,1.32,243.0,20,13,2,True,2026-07-09T17:25:42,2,0
https://www.vlr.gg/701025/wolves-esports-vs-titan-esports-club-vct-2026-china-stage-2-w1,Wolves Esports,Wuxi Titan Esports Club(Titan Esports Club),Wolves Esports,Spring,Viper,1.26,210.0,17,13,9,True,2026-07-09T17:25:42,2,0
https://www.vlr.gg/701025/wolves-esports-vs-titan-esports-club-vct-2026-china-stage-2-w1,Wolves Esports,Wuxi Titan Esports Club(Titan Esports Club),Wolves Esports,Deryeon,Omen,1.24,195.0,17,12,8,True,2026-07-09T17:25:42,2,0
https://www.vlr.gg/701025/wolves-esports-vs-titan-esports-club-vct-2026-china-stage-2-w1,Wolves Esports,Wuxi Titan Esports Club(Titan Esports Club),Wolves Esports,aluba,Sova,0.89,150.0,13,14,3,True,2026-07-09T17:25:42,2,0
https://www.vlr.gg/701025/wolves-esports-vs-titan-esports-club-vct-2026-china-stage-2-w1,Wolves Esports,Wuxi Titan Esports Club(Titan Esports Club),Wolves Esports,glacier,Neon,0.82,152.0,11,17,8,True,2026-07-09T17:25:42,2,0
https://www.vlr.gg/701025/wolves-esports-vs-titan-esports-club-vct-2026-china-stage-2-w1,Wuxi Titan Esports Club(Titan Esports Club),Wolves Esports,Wolves Esports,Dynamite,Jett,1.05,202.0,17,15,3,False,2026-07-09T17:25:42,0,2
https://www.vlr.gg/701025/wolves-esports-vs-titan-esports-club-vct-2026-china-stage-2-w1,Wuxi Titan Esports Club(Titan Esports Club),Wolves Esports,Wolves Esports,lucas,Sova,0.98,197.0,14,15,7,False,2026-07-09T17:25:42,0,2
https://www.vlr.gg/701025/wolves-esports-vs-titan-esports-club-vct-2026-china-stage-2-w1,Wuxi Titan Esports Club(Titan Esports Club),Wolves Esports,Wolves Esports,Coco,Omen,0.84,120.0,8,13,13,False,2026-07-09T17:25:42,0,2
https://www.vlr.gg/701025/wolves-esports-vs-titan-esports-club-vct-2026-china-stage-2-w1,Wuxi Titan Esports Club(Titan Esports Club),Wolves Esports,Wolves Esports,Spitfires,Waylay,0.82,214.0,16,19,3,False,2026-07-09T17:25:42,0,2
https://www.vlr.gg/701025/wolves-esports-vs-titan-esports-club-vct-2026-china-stage-2-w1,Wuxi Titan Esports Club(Titan Esports Club),Wolves Esports,Wolves Esports,Haodong,Cypher,0.77,168.0,14,16,3,False,2026-07-09T17:25:42,0,2
https://www.vlr.gg/706762/karmine-corp-vs-paper-rex-esports-world-cup-2026-elim-b,Karmine Corp,Paper Rex,Karmine Corp,LewN,Neon,1.2,254.0,21,18,3,True,2026-07-09T17:25:44,2,1
https://www.vlr.gg/706762/karmine-corp-vs-paper-rex-esports-world-cup-2026-elim-b,Karmine Corp,Paper Rex,Karmine Corp,N4RRATE,Chamber,1.09,208.0,18,16,2,True,2026-07-09T17:25:44,2,1
https://www.vlr.gg/706762/karmine-corp-vs-paper-rex-esports-world-cup-2026-elim-b,Karmine Corp,Paper Rex,Karmine Corp,Avez,Fade,0.82,162.0,12,18,5,True,2026-07-09T17:25:44,2,1
https://www.vlr.gg/706762/karmine-corp-vs-paper-rex-esports-world-cup-2026-elim-b,Karmine Corp,Paper Rex,Karmine Corp,SUYGETSU,Viper,0.79,165.0,13,18,9,True,2026-07-09T17:25:44,2,1
https://www.vlr.gg/706762/karmine-corp-vs-paper-rex-esports-world-cup-2026-elim-b,Karmine Corp,Paper Rex,Karmine Corp,dos9,Omen,0.5,130.0,13,21,3,True,2026-07-09T17:25:44,2,1
https://www.vlr.gg/706762/karmine-corp-vs-paper-rex-esports-world-cup-2026-elim-b,Paper Rex,Karmine Corp,Karmine Corp,invy,Sova,1.12,173.0,15,13,3,False,2026-07-09T17:25:44,1,2
https://www.vlr.gg/706762/karmine-corp-vs-paper-rex-esports-world-cup-2026-elim-b,Paper Rex,Karmine Corp,Karmine Corp,d4v41,Viper,1.11,229.0,21,17,2,False,2026-07-09T17:25:44,1,2
https://www.vlr.gg/706762/karmine-corp-vs-paper-rex-esports-world-cup-2026-elim-b,Paper Rex,Karmine Corp,Karmine Corp,Jinggg,Raze,1.06,212.0,18,15,3,False,2026-07-09T17:25:44,1,2
https://www.vlr.gg/706762/karmine-corp-vs-paper-rex-esports-world-cup-2026-elim-b,Paper Rex,Karmine Corp,Karmine Corp,f0rsakeN,Harbor,1.01,196.0,18,16,6,False,2026-07-09T17:25:44,1,2
https://www.vlr.gg/706762/karmine-corp-vs-paper-rex-esports-world-cup-2026-elim-b,Paper Rex,Karmine Corp,Karmine Corp,something,Waylay,0.99,217.0,19,16,6,False,2026-07-09T17:25:44,1,2
https://www.vlr.gg/706762/karmine-corp-vs-paper-rex-esports-world-cup-2026-elim-b,Karmine Corp,Paper Rex,Karmine Corp,N4RRATE,Chamber;Phoenix,1.33,257.0,61,42,11,True,2026-07-09T17:25:44,2,1
https://www.vlr.gg/706762/karmine-corp-vs-paper-rex-esports-world-cup-2026-elim-b,Karmine Corp,Paper Rex,Karmine Corp,LewN,Neon;Raze,1.06,212.0,51,46,5,True,2026-07-09T17:25:44,2,1
https://www.vlr.gg/706762/karmine-corp-vs-paper-rex-esports-world-cup-2026-elim-b,Karmine Corp,Paper Rex,Karmine Corp,SUYGETSU,Viper;Cypher,1.0,207.0,46,45,22,True,2026-07-09T17:25:44,2,1
https://www.vlr.gg/706762/karmine-corp-vs-paper-rex-esports-world-cup-2026-elim-b,Karmine Corp,Paper Rex,Karmine Corp,dos9,Omen;Brimstone,0.98,206.0,49,48,19,True,2026-07-09T17:25:44,2,1
https://www.vlr.gg/706762/karmine-corp-vs-paper-rex-esports-world-cup-2026-elim-b,Karmine Corp,Paper Rex,Karmine Corp,Avez,Fade,0.82,138.0,33,42,12,True,2026-07-09T17:25:44,2,1
https://www.vlr.gg/706762/karmine-corp-vs-paper-rex-esports-world-cup-2026-elim-b,Paper Rex,Karmine Corp,Karmine Corp,d4v41,Viper;Killjoy;Vyse,1.0,197.0,48,47,11,False,2026-07-09T17:25:44,1,2
https://www.vlr.gg/706762/karmine-corp-vs-paper-rex-esports-world-cup-2026-elim-b,Paper Rex,Karmine Corp,Karmine Corp,invy,Sova;Breach;Skye,0.95,170.0,40,45,11,False,2026-07-09T17:25:44,1,2
https://www.vlr.gg/706762/karmine-corp-vs-paper-rex-esports-world-cup-2026-elim-b,Paper Rex,Karmine Corp,Karmine Corp,something,Waylay;Brimstone;Jett,0.95,194.0,48,45,13,False,2026-07-09T17:25:44,1,2
https://www.vlr.gg/706762/karmine-corp-vs-paper-rex-esports-world-cup-2026-elim-b,Paper Rex,Karmine Corp,Karmine Corp,Jinggg,Raze,0.93,210.0,45,52,17,False,2026-07-09T17:25:44,1,2
https://www.vlr.gg/706762/karmine-corp-vs-paper-rex-esports-world-cup-2026-elim-b,Paper Rex,Karmine Corp,Karmine Corp,f0rsakeN,Harbor;Skye;Omen,0.82,175.0,42,51,29,False,2026-07-09T17:25:44,1,2
https://www.vlr.gg/706762/karmine-corp-vs-paper-rex-esports-world-cup-2026-elim-b,Karmine Corp,Paper Rex,Karmine Corp,N4RRATE,Phoenix,1.64,307.0,23,13,6,True,2026-07-09T17:25:44,2,1
https://www.vlr.gg/706762/karmine-corp-vs-paper-rex-esports-world-cup-2026-elim-b,Karmine Corp,Paper Rex,Karmine Corp,LewN,Raze,1.26,211.0,18,13,0,True,2026-07-09T17:25:44,2,1
https://www.vlr.gg/706762/karmine-corp-vs-paper-rex-esports-world-cup-2026-elim-b,Karmine Corp,Paper Rex,Karmine Corp,Avez,Fade,1.08,163.0,13,11,6,True,2026-07-09T17:25:44,2,1
https://www.vlr.gg/706762/karmine-corp-vs-paper-rex-esports-world-cup-2026-elim-b,Karmine Corp,Paper Rex,Karmine Corp,SUYGETSU,Cypher,0.89,185.0,15,15,5,True,2026-07-09T17:25:44,2,1
https://www.vlr.gg/706762/karmine-corp-vs-paper-rex-esports-world-cup-2026-elim-b,Karmine Corp,Paper Rex,Karmine Corp,dos9,Brimstone,0.76,159.0,12,16,7,True,2026-07-09T17:25:44,2,1
https://www.vlr.gg/706762/karmine-corp-vs-paper-rex-esports-world-cup-2026-elim-b,Paper Rex,Karmine Corp,Karmine Corp,Jinggg,Raze,0.89,206.0,15,18,4,False,2026-07-09T17:25:44,1,2
https://www.vlr.gg/706762/karmine-corp-vs-paper-rex-esports-world-cup-2026-elim-b,Paper Rex,Karmine Corp,Karmine Corp,f0rsakeN,Skye,0.87,184.0,14,17,13,False,2026-07-09T17:25:44,1,2
https://www.vlr.gg/706762/karmine-corp-vs-paper-rex-esports-world-cup-2026-elim-b,Paper Rex,Karmine Corp,Karmine Corp,something,Brimstone,0.87,153.0,14,14,6,False,2026-07-09T17:25:44,1,2
https://www.vlr.gg/706762/karmine-corp-vs-paper-rex-esports-world-cup-2026-elim-b,Paper Rex,Karmine Corp,Karmine Corp,d4v41,Killjoy,0.87,176.0,13,16,6,False,2026-07-09T17:25:44,1,2
https://www.vlr.gg/706762/karmine-corp-vs-paper-rex-esports-world-cup-2026-elim-b,Paper Rex,Karmine Corp,Karmine Corp,invy,Breach,0.85,162.0,12,16,5,False,2026-07-09T17:25:44,1,2
https://www.vlr.gg/706762/karmine-corp-vs-paper-rex-esports-world-cup-2026-elim-b,Karmine Corp,Paper Rex,Karmine Corp,dos9,Omen,1.8,330.0,24,11,9,True,2026-07-09T17:25:44,2,1
https://www.vlr.gg/706762/karmine-corp-vs-paper-rex-esports-world-cup-2026-elim-b,Karmine Corp,Paper Rex,Karmine Corp,SUYGETSU,Viper,1.4,272.0,18,12,8,True,2026-07-09T17:25:44,2,1
https://www.vlr.gg/706762/karmine-corp-vs-paper-rex-esports-world-cup-2026-elim-b,Karmine Corp,Paper Rex,Karmine Corp,N4RRATE,Chamber,1.26,256.0,20,13,3,True,2026-07-09T17:25:44,2,1
https://www.vlr.gg/706762/karmine-corp-vs-paper-rex-esports-world-cup-2026-elim-b,Karmine Corp,Paper Rex,Karmine Corp,LewN,Neon,0.66,172.0,12,15,2,True,2026-07-09T17:25:44,2,1
https://www.vlr.gg/706762/karmine-corp-vs-paper-rex-esports-world-cup-2026-elim-b,Karmine Corp,Paper Rex,Karmine Corp,Avez,Fade,0.53,89.0,8,13,1,True,2026-07-09T17:25:44,2,1
https://www.vlr.gg/706762/karmine-corp-vs-paper-rex-esports-world-cup-2026-elim-b,Paper Rex,Karmine Corp,Karmine Corp,d4v41,Vyse,1.02,186.0,14,14,3,False,2026-07-09T17:25:44,1,2
https://www.vlr.gg/706762/karmine-corp-vs-paper-rex-esports-world-cup-2026-elim-b,Paper Rex,Karmine Corp,Karmine Corp,something,Jett,0.99,213.0,15,15,1,False,2026-07-09T17:25:44,1,2
https://www.vlr.gg/706762/karmine-corp-vs-paper-rex-esports-world-cup-2026-elim-b,Paper Rex,Karmine Corp,Karmine Corp,invy,Skye,0.87,176.0,13,16,3,False,2026-07-09T17:25:44,1,2
https://www.vlr.gg/706762/karmine-corp-vs-paper-rex-esports-world-cup-2026-elim-b,Paper Rex,Karmine Corp,Karmine Corp,Jinggg,Raze,0.81,213.0,12,19,10,False,2026-07-09T17:25:44,1,2
https://www.vlr.gg/706762/karmine-corp-vs-paper-rex-esports-world-cup-2026-elim-b,Paper Rex,Karmine Corp,Karmine Corp,f0rsakeN,Omen,0.53,145.0,10,18,10,False,2026-07-09T17:25:44,1,2
